,serial_number,manufacturer,model,smart_5_normalized,smart_9_normalized,smart_187_normalized,smart_188_normalized,smart_193_normalized,smart_194_normalized,smart_197_normalized,smart_198_normalized,smart_241_normalized,smart_242_normalized,dt,faulty
0,disk_73921,A,1,100.0,87.0,100.0,100.0,100.0,26.0,100.0,100.0,0.0,0.0,20170711,1
1,disk_69703,A,1,100.0,81.0,100.0,100.0,100.0,30.0,100.0,100.0,0.0,0.0,20170731,0
2,disk_70778,A,1,100.0,81.0,100.0,100.0,100.0,29.0,100.0,100.0,0.0,0.0,20170723,0
3,disk_104879,A,1,100.0,79.0,100.0,100.0,100.0,28.0,100.0,100.0,0.0,0.0,20170714,1
4,disk_69449,A,1,100.0,81.0,100.0,100.0,100.0,29.0,100.0,100.0,0.0,0.0,20170719,0
5,disk_11565,A,1,100.0,88.0,100.0,100.0,99.0,27.0,100.0,100.0,0.0,0.0,20170722,1
6,disk_70705,A,1,100.0,82.0,100.0,100.0,100.0,31.0,100.0,100.0,0.0,0.0,20170725,0
7,disk_30546,A,1,89.0,78.0,1.0,100.0,100.0,25.0,97.0,97.0,0.0,0.0,20170717,1
8,disk_69893,A,1,100.0,93.0,100.0,100.0,100.0,26.0,100.0,100.0,0.0,0.0,20170719,0
9,disk_136557,A,1,100.0,78.0,100.0,100.0,100.0,32.0,100.0,100.0,0.0,0.0,20170709,1
10,disk_7069,A,1,100.0,88.0,100.0,100.0,100.0,28.0,100.0,100.0,0.0,0.0,20170712,0
11,disk_37623,A,1,100.0,70.0,100.0,100.0,100.0,31.0,100.0,100.0,0.0,0.0,20170723,1
12,disk_69573,A,1,100.0,82.0,100.0,100.0,100.0,26.0,100.0,100.0,0.0,0.0,20170719,0
13,disk_70780,A,1,100.0,82.0,100.0,100.0,100.0,28.0,100.0,100.0,0.0,0.0,20170711,0
14,disk_119023,A,2,100.0,87.0,91.0,100.0,100.0,28.0,100.0,100.0,100.0,100.0,20170725,1
15,disk_61196,A,1,100.0,78.0,100.0,100.0,100.0,30.0,100.0,100.0,0.0,0.0,20170725,1
16,disk_142501,A,1,43.0,80.0,82.0,100.0,100.0,30.0,100.0,100.0,0.0,0.0,20170714,1
17,disk_69515,A,1,100.0,82.0,100.0,100.0,100.0,27.0,100.0,100.0,0.0,0.0,20170729,0
18,disk_70490,A,1,100.0,81.0,100.0,100.0,100.0,33.0,100.0,100.0,0.0,0.0,20170712,0
19,disk_146958,A,1,100.0,80.0,100.0,100.0,100.0,24.0,94.0,94.0,0.0,0.0,20170711,1
20,disk_69980,A,1,100.0,81.0,100.0,100.0,100.0,29.0,100.0,100.0,0.0,0.0,20170723,0
21,disk_70582,A,1,100.0,82.0,100.0,100.0,100.0,31.0,100.0,100.0,0.0,0.0,20170709,0
22,disk_70021,A,1,100.0,82.0,100.0,100.0,100.0,28.0,100.0,100.0,0.0,0.0,20170712,0
23,disk_69413,A,1,100.0,81.0,100.0,100.0,100.0,26.0,100.0,100.0,0.0,0.0,20170731,0
24,disk_6993,A,1,100.0,88.0,100.0,100.0,100.0,26.0,100.0,100.0,0.0,0.0,20170721,0
25,disk_70523,A,1,100.0,82.0,100.0,100.0,100.0,29.0,100.0,100.0,0.0,0.0,20170718,0
26,disk_69227,A,1,100.0,82.0,100.0,100.0,100.0,34.0,100.0,100.0,0.0,0.0,20170709,0
27,disk_42711,A,1,100.0,69.0,100.0,100.0,100.0,35.0,100.0,100.0,0.0,0.0,20170710,1
28,disk_69234,A,1,100.0,81.0,100.0,100.0,100.0,29.0,100.0,100.0,0.0,0.0,20170721,0
29,disk_69507,A,1,100.0,82.0,100.0,100.0,100.0,27.0,100.0,100.0,0.0,0.0,20170723,0
30,disk_70776,A,1,100.0,81.0,100.0,100.0,100.0,31.0,100.0,100.0,0.0,0.0,20170713,0
31,disk_70820,A,1,100.0,82.0,100.0,100.0,100.0,30.0,100.0,100.0,0.0,0.0,20170712,0
32,disk_69522,A,1,100.0,82.0,100.0,100.0,100.0,23.0,100.0,100.0,0.0,0.0,20170716,0
33,disk_70166,A,1,100.0,81.0,100.0,100.0,100.0,31.0,100.0,100.0,0.0,0.0,20170724,0
34,disk_143171,A,1,100.0,80.0,1.0,100.0,100.0,27.0,99.0,99.0,0.0,0.0,20170728,1
35,disk_70244,A,1,100.0,83.0,100.0,100.0,100.0,26.0,100.0,100.0,0.0,0.0,20170709,0
36,disk_29871,A,1,100.0,78.0,100.0,100.0,100.0,28.0,100.0,100.0,0.0,0.0,20170724,1
37,disk_118621,A,2,100.0,89.0,100.0,100.0,100.0,30.0,100.0,100.0,100.0,100.0,20170716,1
38,disk_67010,A,1,98.0,81.0,98.0,100.0,100.0,27.0,100.0,100.0,0.0,0.0,20170709,1
39,disk_71265,A,1,100.0,82.0,100.0,100.0,100.0,31.0,100.0,100.0,0.0,0.0,20170717,1
40,disk_69492,A,1,100.0,82.0,100.0,100.0,100.0,27.0,100.0,100.0,0.0,0.0,20170722,0
41,disk_70569,A,1,100.0,82.0,100.0,100.0,100.0,31.0,100.0,100.0,0.0,0.0,20170727,0
42,disk_67010,A,1,98.0,81.0,98.0,100.0,100.0,27.0,100.0,100.0,0.0,0.0,20170714,1
43,disk_37623,A,1,100.0,71.0,100.0,100.0,100.0,32.0,100.0,100.0,0.0,0.0,20170715,1
44,disk_7054,A,1,100.0,88.0,100.0,100.0,100.0,28.0,100.0,100.0,0.0,0.0,20170725,0
45,disk_69942,A,1,100.0,81.0,100.0,100.0,100.0,29.0,100.0,100.0,0.0,0.0,20170731,0
46,disk_6937,A,1,100.0,88.0,100.0,100.0,100.0,28.0,100.0,100.0,0.0,0.0,20170728,0
47,disk_121839,A,2,100.0,91.0,100.0,100.0,100.0,30.0,100.0,100.0,100.0,100.0,20170730,1
48,disk_30546,A,1,89.0,78.0,1.0,100.0,100.0,25.0,97.0,97.0,0.0,0.0,20170722,1
49,disk_42711,A,1,100.0,69.0,100.0,100.0,100.0,35.0,100.0,100.0,0.0,0.0,20170715,1
50,disk_67010,A,1,98.0,81.0,98.0,100.0,100.0,27.0,100.0,100.0,0.0,0.0,20170715,1
51,disk_60379,A,1,100.0,78.0,100.0,100.0,100.0,29.0,100.0,100.0,0.0,0.0,20170710,1
52,disk_70194,A,1,100.0,80.0,100.0,100.0,100.0,31.0,100.0,100.0,0.0,0.0,20170716,0
53,disk_30546,A,1,89.0,79.0,1.0,100.0,100.0,25.0,97.0,97.0,0.0,0.0,20170709,1
54,disk_6971,A,1,100.0,88.0,100.0,100.0,100.0,28.0,100.0,100.0,0.0,0.0,20170729,0
55,disk_118621,A,2,100.0,89.0,100.0,100.0,100.0,29.0,100.0,100.0,100.0,100.0,20170709,1
56,disk_42711,A,1,100.0,69.0,100.0,100.0,100.0,35.0,100.0,100.0,0.0,0.0,20170712,1
57,disk_60379,A,1,100.0,78.0,100.0,100.0,100.0,29.0,100.0,100.0,0.0,0.0,20170709,1
58,disk_42711,A,1,100.0,69.0,100.0,100.0,100.0,35.0,100.0,100.0,0.0,0.0,20170717,1
59,disk_140979,A,1,100.0,81.0,100.0,100.0,100.0,28.0,100.0,100.0,0.0,0.0,20170728,1
60,disk_121839,A,2,100.0,91.0,100.0,100.0,100.0,31.0,100.0,100.0,100.0,100.0,20170720,1
61,disk_91432,A,1,100.0,93.0,95.0,100.0,100.0,28.0,100.0,100.0,0.0,0.0,20170730,1
62,disk_69951,A,1,100.0,81.0,100.0,100.0,100.0,30.0,100.0,100.0,0.0,0.0,20170713,0
63,disk_121839,A,2,100.0,92.0,100.0,100.0,100.0,30.0,100.0,100.0,100.0,100.0,20170712,1
64,disk_70825,A,1,100.0,82.0,100.0,100.0,100.0,31.0,100.0,100.0,0.0,0.0,20170731,0
65,disk_70089,A,1,100.0,85.0,100.0,100.0,100.0,32.0,100.0,100.0,0.0,0.0,20170727,0
66,disk_69810,A,1,100.0,84.0,100.0,100.0,100.0,31.0,100.0,100.0,0.0,0.0,20170730,0
67,disk_70852,A,1,100.0,82.0,100.0,100.0,100.0,30.0,100.0,100.0,0.0,0.0,20170709,0
68,disk_69574,A,1,100.0,82.0,100.0,100.0,100.0,27.0,100.0,100.0,0.0,0.0,20170722,0
69,disk_70090,A,1,100.0,84.0,100.0,100.0,100.0,28.0,100.0,100.0,0.0,0.0,20170721,0
70,disk_69733,A,1,100.0,82.0,100.0,100.0,100.0,30.0,100.0,100.0,0.0,0.0,20170711,0
71,disk_110667,A,1,100.0,70.0,100.0,100.0,100.0,32.0,100.0,100.0,0.0,0.0,20170720,1
72,disk_70035,A,1,100.0,81.0,100.0,100.0,100.0,33.0,100.0,100.0,0.0,0.0,20170730,0
73,disk_70118,A,1,100.0,81.0,100.0,100.0,100.0,29.0,100.0,100.0,0.0,0.0,20170719,0
74,disk_61196,A,1,100.0,78.0,100.0,100.0,100.0,30.0,100.0,100.0,0.0,0.0,20170711,1
75,disk_45789,A,2,100.0,86.0,100.0,100.0,100.0,26.0,100.0,100.0,100.0,100.0,20170720,1
76,disk_19504,A,1,100.0,96.0,100.0,100.0,100.0,30.0,100.0,100.0,0.0,0.0,20170711,1
77,disk_69706,A,1,100.0,83.0,100.0,100.0,100.0,31.0,100.0,100.0,0.0,0.0,20170716,0
78,disk_70371,A,1,100.0,80.0,100.0,100.0,100.0,30.0,100.0,100.0,0.0,0.0,20170727,0
79,disk_69278,A,1,100.0,81.0,100.0,100.0,100.0,30.0,100.0,100.0,0.0,0.0,20170721,0
80,disk_69455,A,1,100.0,82.0,100.0,100.0,100.0,24.0,100.0,100.0,0.0,0.0,20170711,0
81,disk_69634,A,1,100.0,82.0,100.0,100.0,100.0,29.0,100.0,100.0,0.0,0.0,20170721,0
82,disk_43271,A,1,100.0,75.0,100.0,100.0,100.0,30.0,100.0,100.0,0.0,0.0,20170714,1
83,disk_70338,A,1,100.0,81.0,100.0,100.0,100.0,29.0,100.0,100.0,0.0,0.0,20170714,0
84,disk_13117,A,1,100.0,88.0,100.0,100.0,100.0,28.0,100.0,100.0,0.0,0.0,20170709,1
85,disk_69889,A,1,100.0,82.0,100.0,100.0,100.0,30.0,100.0,100.0,0.0,0.0,20170723,0
86,disk_70093,A,1,100.0,84.0,100.0,100.0,100.0,26.0,100.0,100.0,0.0,0.0,20170728,0
87,disk_70536,A,1,100.0,82.0,100.0,100.0,100.0,28.0,100.0,100.0,0.0,0.0,20170709,0
88,disk_43271,A,1,100.0,75.0,100.0,100.0,100.0,30.0,100.0,100.0,0.0,0.0,20170711,1
89,disk_30546,A,1,89.0,78.0,1.0,100.0,100.0,26.0,97.0,97.0,0.0,0.0,20170715,1
90,disk_37623,A,1,100.0,71.0,100.0,100.0,100.0,32.0,100.0,100.0,0.0,0.0,20170717,1
91,disk_70248,A,1,100.0,80.0,100.0,100.0,100.0,33.0,100.0,100.0,0.0,0.0,20170723,0
92,disk_67010,A,1,98.0,81.0,98.0,100.0,100.0,27.0,100.0,100.0,0.0,0.0,20170721,1
93,disk_69943,A,1,100.0,82.0,100.0,100.0,100.0,28.0,100.0,100.0,0.0,0.0,20170726,0
94,disk_70431,A,1,100.0,81.0,100.0,100.0,100.0,33.0,100.0,100.0,0.0,0.0,20170713,0
95,disk_148265,A,1,100.0,84.0,100.0,100.0,100.0,30.0,100.0,100.0,0.0,0.0,20170717,1
96,disk_70695,A,1,100.0,82.0,100.0,100.0,100.0,31.0,100.0,100.0,0.0,0.0,20170716,0
97,disk_69616,A,1,100.0,83.0,100.0,100.0,100.0,28.0,100.0,100.0,0.0,0.0,20170731,0
98,disk_6924,A,1,100.0,88.0,100.0,100.0,100.0,28.0,100.0,100.0,0.0,0.0,20170721,0
99,disk_44296,A,1,100.0,69.0,100.0,100.0,100.0,34.0,100.0,100.0,0.0,0.0,20170709,1
100,disk_121839,A,2,100.0,92.0,100.0,100.0,100.0,30.0,100.0,100.0,100.0,100.0,20170713,1
101,disk_69849,A,1,100.0,85.0,100.0,100.0,100.0,30.0,100.0,100.0,0.0,0.0,20170720,0
102,disk_11565,A,1,100.0,88.0,100.0,100.0,99.0,27.0,100.0,100.0,0.0,0.0,20170715,1
103,disk_52868,A,1,100.0,72.0,100.0,100.0,100.0,32.0,100.0,100.0,0.0,0.0,20170712,1
104,disk_69768,A,1,100.0,82.0,100.0,100.0,100.0,28.0,100.0,100.0,0.0,0.0,20170710,0
105,disk_70096,A,1,100.0,79.0,100.0,100.0,100.0,23.0,100.0,100.0,0.0,0.0,20170730,0
106,disk_118621,A,2,100.0,89.0,100.0,100.0,100.0,30.0,100.0,100.0,100.0,100.0,20170713,1
107,disk_69256,A,1,100.0,81.0,100.0,100.0,100.0,37.0,100.0,100.0,0.0,0.0,20170711,0
108,disk_71265,A,1,100.0,82.0,100.0,100.0,100.0,30.0,100.0,100.0,0.0,0.0,20170710,1
109,disk_70095,A,1,100.0,84.0,100.0,100.0,100.0,27.0,100.0,100.0,0.0,0.0,20170731,0
110,disk_71265,A,1,100.0,82.0,100.0,100.0,100.0,31.0,100.0,100.0,0.0,0.0,20170722,1
111,disk_64274,A,1,100.0,79.0,80.0,100.0,100.0,32.0,100.0,100.0,0.0,0.0,20170711,1
112,disk_30546,A,1,89.0,78.0,1.0,100.0,100.0,25.0,97.0,97.0,0.0,0.0,20170710,1
113,disk_70046,A,1,100.0,81.0,100.0,100.0,100.0,31.0,100.0,100.0,0.0,0.0,20170712,0
114,disk_67010,A,1,98.0,81.0,98.0,100.0,100.0,27.0,100.0,100.0,0.0,0.0,20170720,1
115,disk_71265,A,1,100.0,82.0,100.0,100.0,100.0,31.0,100.0,100.0,0.0,0.0,20170727,1
116,disk_143171,A,1,100.0,80.0,100.0,100.0,100.0,29.0,100.0,100.0,0.0,0.0,20170719,1
117,disk_67010,A,1,98.0,81.0,98.0,100.0,100.0,31.0,100.0,100.0,0.0,0.0,20170728,1
118,disk_110667,A,1,100.0,70.0,100.0,100.0,100.0,32.0,100.0,100.0,0.0,0.0,20170717,1
119,disk_110667,A,1,100.0,70.0,100.0,100.0,100.0,32.0,100.0,100.0,0.0,0.0,20170714,1
120,disk_61196,A,1,100.0,78.0,100.0,100.0,100.0,30.0,100.0,100.0,0.0,0.0,20170724,1
121,disk_69518,A,1,100.0,82.0,100.0,100.0,100.0,26.0,100.0,100.0,0.0,0.0,20170723,0
122,disk_121839,A,2,100.0,92.0,100.0,100.0,100.0,31.0,100.0,100.0,100.0,100.0,20170715,1
123,disk_70199,A,1,100.0,81.0,100.0,100.0,100.0,26.0,100.0,100.0,0.0,0.0,20170719,0
124,disk_70578,A,1,100.0,82.0,100.0,100.0,100.0,29.0,100.0,100.0,0.0,0.0,20170715,0
125,disk_70243,A,1,100.0,80.0,100.0,100.0,100.0,32.0,100.0,100.0,0.0,0.0,20170727,0
126,disk_69668,A,1,100.0,82.0,100.0,100.0,100.0,30.0,100.0,100.0,0.0,0.0,20170721,0
127,disk_6968,A,1,100.0,88.0,100.0,100.0,99.0,26.0,100.0,100.0,0.0,0.0,20170727,0
128,disk_121839,A,2,100.0,91.0,100.0,100.0,100.0,30.0,100.0,100.0,100.0,100.0,20170729,1
129,disk_70879,A,1,100.0,82.0,100.0,100.0,100.0,31.0,100.0,100.0,0.0,0.0,20170726,0
130,disk_6924,A,1,100.0,88.0,100.0,100.0,100.0,28.0,100.0,100.0,0.0,0.0,20170717,0
131,disk_11565,A,1,100.0,88.0,100.0,100.0,99.0,27.0,100.0,100.0,0.0,0.0,20170713,1
132,disk_73921,A,1,100.0,87.0,100.0,100.0,100.0,26.0,100.0,100.0,0.0,0.0,20170713,1
133,disk_148265,A,1,100.0,85.0,100.0,100.0,100.0,29.0,100.0,100.0,0.0,0.0,20170710,1
134,disk_110667,A,1,100.0,70.0,100.0,100.0,100.0,32.0,100.0,100.0,0.0,0.0,20170710,1
135,disk_69506,A,1,100.0,82.0,100.0,100.0,100.0,27.0,100.0,100.0,0.0,0.0,20170727,0
136,disk_29871,A,1,100.0,78.0,100.0,100.0,100.0,28.0,100.0,100.0,0.0,0.0,20170713,1
137,disk_70007,A,1,100.0,83.0,100.0,100.0,100.0,29.0,100.0,100.0,0.0,0.0,20170716,0
138,disk_6976,A,1,100.0,88.0,100.0,100.0,100.0,30.0,100.0,100.0,0.0,0.0,20170721,0
139,disk_70845,A,1,100.0,82.0,100.0,100.0,100.0,32.0,100.0,100.0,0.0,0.0,20170724,0
140,disk_69455,A,1,100.0,82.0,100.0,100.0,100.0,24.0,100.0,100.0,0.0,0.0,20170716,0
141,disk_45789,A,2,100.0,86.0,100.0,100.0,100.0,26.0,100.0,100.0,100.0,100.0,20170726,1
142,disk_69942,A,1,100.0,81.0,100.0,100.0,100.0,29.0,100.0,100.0,0.0,0.0,20170715,0
143,disk_70312,A,1,100.0,82.0,100.0,100.0,100.0,35.0,100.0,100.0,0.0,0.0,20170710,0
144,disk_70103,A,1,100.0,81.0,100.0,100.0,100.0,30.0,100.0,100.0,0.0,0.0,20170725,0
145,disk_121839,A,2,100.0,92.0,100.0,100.0,100.0,31.0,100.0,100.0,100.0,100.0,20170716,1
146,disk_45789,A,2,100.0,86.0,100.0,100.0,100.0,26.0,100.0,100.0,100.0,100.0,20170717,1
147,disk_11565,A,1,100.0,88.0,100.0,100.0,99.0,27.0,100.0,100.0,0.0,0.0,20170723,1
148,disk_69753,A,1,100.0,81.0,100.0,100.0,100.0,27.0,100.0,100.0,0.0,0.0,20170719,0
149,disk_70429,A,1,100.0,84.0,100.0,100.0,100.0,31.0,100.0,100.0,0.0,0.0,20170723,0
150,disk_69568,A,1,100.0,82.0,100.0,100.0,100.0,27.0,100.0,100.0,0.0,0.0,20170728,0
151,disk_118621,A,2,100.0,89.0,100.0,100.0,100.0,29.0,100.0,100.0,100.0,100.0,20170710,1
152,disk_67010,A,1,98.0,81.0,98.0,100.0,100.0,29.0,100.0,100.0,0.0,0.0,20170725,1
153,disk_69393,A,1,100.0,81.0,100.0,100.0,100.0,29.0,100.0,100.0,0.0,0.0,20170728,0
154,disk_143171,A,1,100.0,80.0,100.0,100.0,100.0,29.0,100.0,100.0,0.0,0.0,20170716,1
155,disk_69647,A,1,100.0,81.0,100.0,100.0,100.0,29.0,100.0,100.0,0.0,0.0,20170722,0
156,disk_70829,A,1,100.0,81.0,100.0,100.0,100.0,28.0,100.0,100.0,0.0,0.0,20170724,0
157,disk_143171,A,1,100.0,80.0,100.0,100.0,100.0,29.0,100.0,100.0,0.0,0.0,20170725,1
158,disk_29871,A,1,100.0,78.0,100.0,100.0,100.0,28.0,100.0,100.0,0.0,0.0,20170722,1
159,disk_61196,A,1,100.0,78.0,100.0,100.0,100.0,30.0,100.0,100.0,0.0,0.0,20170721,1
160,disk_70243,A,1,100.0,80.0,100.0,100.0,100.0,33.0,100.0,100.0,0.0,0.0,20170729,0
161,disk_143171,A,1,100.0,80.0,100.0,100.0,100.0,30.0,100.0,100.0,0.0,0.0,20170721,1
162,disk_104879,A,1,100.0,79.0,100.0,100.0,100.0,28.0,100.0,100.0,0.0,0.0,20170709,1
163,disk_42711,A,1,100.0,69.0,100.0,100.0,100.0,35.0,100.0,100.0,0.0,0.0,20170711,1
164,disk_61196,A,1,100.0,78.0,100.0,100.0,100.0,30.0,100.0,100.0,0.0,0.0,20170719,1
165,disk_148265,A,1,100.0,84.0,100.0,100.0,100.0,30.0,100.0,100.0,0.0,0.0,20170719,1
166,disk_70182,A,1,100.0,81.0,100.0,100.0,100.0,32.0,100.0,100.0,0.0,0.0,20170718,0
167,disk_110667,A,1,100.0,70.0,100.0,100.0,100.0,32.0,100.0,100.0,0.0,0.0,20170718,1
168,disk_70315,A,1,100.0,81.0,100.0,100.0,100.0,34.0,100.0,100.0,0.0,0.0,20170709,0
169,disk_69931,A,1,100.0,82.0,100.0,100.0,100.0,29.0,100.0,100.0,0.0,0.0,20170728,0
170,disk_143171,A,1,100.0,80.0,100.0,100.0,100.0,28.0,100.0,100.0,0.0,0.0,20170713,1
171,disk_44296,A,1,100.0,69.0,100.0,100.0,100.0,34.0,100.0,100.0,0.0,0.0,20170710,1
172,disk_73921,A,1,100.0,87.0,100.0,100.0,100.0,26.0,100.0,100.0,0.0,0.0,20170709,1
173,disk_148265,A,1,100.0,84.0,100.0,100.0,100.0,30.0,100.0,100.0,0.0,0.0,20170715,1
174,disk_118319,A,1,100.0,69.0,100.0,100.0,100.0,31.0,100.0,100.0,0.0,0.0,20170713,1
175,disk_71265,A,1,100.0,82.0,100.0,100.0,100.0,31.0,100.0,100.0,0.0,0.0,20170725,1
176,disk_118319,A,1,100.0,69.0,100.0,100.0,100.0,30.0,100.0,100.0,0.0,0.0,20170712,1
177,disk_146958,A,1,100.0,80.0,100.0,100.0,100.0,25.0,94.0,94.0,0.0,0.0,20170712,1
178,disk_49001,A,2,100.0,89.0,100.0,100.0,96.0,25.0,100.0,100.0,100.0,100.0,20170713,1
179,disk_70441,A,1,100.0,80.0,100.0,100.0,100.0,34.0,100.0,100.0,0.0,0.0,20170728,0
180,disk_70093,A,1,100.0,85.0,100.0,100.0,100.0,26.0,100.0,100.0,0.0,0.0,20170719,0
181,disk_70570,A,1,100.0,83.0,100.0,100.0,100.0,30.0,100.0,100.0,0.0,0.0,20170723,0
182,disk_7040,A,1,100.0,88.0,100.0,100.0,100.0,28.0,100.0,100.0,0.0,0.0,20170730,0
183,disk_44296,A,1,100.0,69.0,100.0,100.0,100.0,34.0,100.0,100.0,0.0,0.0,20170718,1
184,disk_29871,A,1,100.0,78.0,100.0,100.0,100.0,28.0,100.0,100.0,0.0,0.0,20170727,1
185,disk_19504,A,1,98.0,96.0,100.0,100.0,100.0,35.0,100.0,100.0,0.0,0.0,20170721,1
186,disk_70846,A,1,100.0,83.0,100.0,100.0,100.0,27.0,100.0,100.0,0.0,0.0,20170719,0
187,disk_70403,A,1,100.0,86.0,100.0,100.0,100.0,27.0,100.0,100.0,0.0,0.0,20170712,0
188,disk_43271,A,1,100.0,75.0,100.0,100.0,100.0,30.0,100.0,100.0,0.0,0.0,20170710,1
189,disk_104879,A,1,100.0,79.0,100.0,100.0,100.0,28.0,100.0,100.0,0.0,0.0,20170711,1
190,disk_67010,A,1,98.0,81.0,98.0,100.0,100.0,27.0,100.0,100.0,0.0,0.0,20170711,1
191,disk_70591,A,1,100.0,82.0,100.0,100.0,100.0,25.0,100.0,100.0,0.0,0.0,20170725,0
192,disk_70545,A,1,100.0,84.0,100.0,100.0,100.0,26.0,100.0,100.0,0.0,0.0,20170717,0
193,disk_143171,A,1,100.0,80.0,100.0,100.0,100.0,28.0,100.0,100.0,0.0,0.0,20170714,1
194,disk_70377,A,1,100.0,81.0,100.0,100.0,100.0,26.0,100.0,100.0,0.0,0.0,20170729,0
195,disk_121839,A,2,100.0,92.0,100.0,100.0,100.0,31.0,100.0,100.0,100.0,100.0,20170714,1
196,disk_69358,A,1,100.0,81.0,100.0,100.0,100.0,28.0,100.0,100.0,0.0,0.0,20170709,0
197,disk_121839,A,2,100.0,92.0,100.0,100.0,100.0,34.0,100.0,100.0,100.0,100.0,20170711,1
198,disk_70646,A,1,100.0,82.0,100.0,100.0,100.0,30.0,100.0,100.0,0.0,0.0,20170724,0
199,disk_70547,A,1,100.0,81.0,100.0,100.0,100.0,33.0,100.0,100.0,0.0,0.0,20170728,0
200,disk_37623,A,1,100.0,70.0,97.0,100.0,100.0,32.0,100.0,100.0,0.0,0.0,20170727,1
201,disk_13117,A,1,100.0,88.0,100.0,100.0,100.0,28.0,100.0,100.0,0.0,0.0,20170711,1
202,disk_71265,A,1,100.0,82.0,100.0,100.0,100.0,31.0,100.0,100.0,0.0,0.0,20170721,1
203,disk_71265,A,1,100.0,82.0,100.0,100.0,100.0,31.0,100.0,100.0,0.0,0.0,20170716,1
204,disk_70571,A,1,100.0,82.0,100.0,100.0,100.0,29.0,100.0,100.0,0.0,0.0,20170727,0
205,disk_45789,A,2,100.0,86.0,100.0,100.0,100.0,26.0,100.0,100.0,100.0,100.0,20170716,1
206,disk_73921,A,1,100.0,87.0,100.0,100.0,100.0,26.0,100.0,100.0,0.0,0.0,20170716,1
207,disk_70173,A,1,100.0,81.0,100.0,100.0,100.0,28.0,100.0,100.0,0.0,0.0,20170710,0
208,disk_118621,A,2,100.0,89.0,99.0,100.0,100.0,29.0,100.0,100.0,100.0,100.0,20170718,1
209,disk_69646,A,1,100.0,81.0,100.0,100.0,100.0,27.0,100.0,100.0,0.0,0.0,20170709,0
210,disk_70709,A,1,100.0,82.0,100.0,100.0,100.0,30.0,100.0,100.0,0.0,0.0,20170710,0
211,disk_42711,A,1,100.0,69.0,100.0,100.0,100.0,35.0,100.0,100.0,0.0,0.0,20170713,1
212,disk_61196,A,1,100.0,78.0,100.0,100.0,100.0,30.0,100.0,100.0,0.0,0.0,20170718,1
213,disk_29871,A,1,100.0,78.0,100.0,100.0,100.0,28.0,100.0,100.0,0.0,0.0,20170720,1
214,disk_69921,A,1,100.0,90.0,100.0,100.0,100.0,31.0,100.0,100.0,0.0,0.0,20170721,0
215,disk_136557,A,1,100.0,78.0,100.0,100.0,100.0,32.0,100.0,100.0,0.0,0.0,20170718,1
216,disk_69522,A,1,100.0,82.0,100.0,100.0,100.0,24.0,100.0,100.0,0.0,0.0,20170709,0
217,disk_143171,A,1,100.0,80.0,100.0,100.0,100.0,30.0,100.0,100.0,0.0,0.0,20170720,1
218,disk_70862,A,1,100.0,82.0,100.0,100.0,100.0,32.0,100.0,100.0,0.0,0.0,20170714,0
219,disk_70497,A,1,100.0,81.0,100.0,100.0,100.0,24.0,100.0,100.0,0.0,0.0,20170722,0
220,disk_7054,A,1,100.0,88.0,100.0,100.0,100.0,28.0,100.0,100.0,0.0,0.0,20170718,0
221,disk_11565,A,1,100.0,88.0,100.0,100.0,99.0,27.0,100.0,100.0,0.0,0.0,20170721,1
222,disk_70253,A,1,100.0,80.0,100.0,100.0,100.0,33.0,100.0,100.0,0.0,0.0,20170722,0
223,disk_67010,A,1,98.0,81.0,98.0,100.0,100.0,27.0,100.0,100.0,0.0,0.0,20170712,1
224,disk_7026,A,1,100.0,88.0,100.0,100.0,100.0,28.0,100.0,100.0,0.0,0.0,20170715,0
225,disk_70748,A,1,100.0,82.0,100.0,100.0,100.0,28.0,100.0,100.0,0.0,0.0,20170725,0
226,disk_76797,A,1,100.0,88.0,100.0,100.0,100.0,28.0,100.0,100.0,0.0,0.0,20170711,1
227,disk_30546,A,1,89.0,78.0,1.0,100.0,100.0,26.0,97.0,97.0,0.0,0.0,20170711,1
228,disk_7060,A,1,100.0,88.0,100.0,100.0,100.0,28.0,100.0,100.0,0.0,0.0,20170730,0
229,disk_121839,A,2,100.0,91.0,100.0,100.0,100.0,30.0,100.0,100.0,100.0,100.0,20170724,1
230,disk_71265,A,1,100.0,82.0,100.0,100.0,100.0,30.0,100.0,100.0,0.0,0.0,20170709,1
231,disk_70736,A,1,100.0,81.0,100.0,100.0,100.0,29.0,100.0,100.0,0.0,0.0,20170723,0
232,disk_143171,A,1,100.0,80.0,100.0,100.0,100.0,28.0,100.0,100.0,0.0,0.0,20170717,1
233,disk_52868,A,1,100.0,72.0,100.0,100.0,100.0,33.0,100.0,100.0,0.0,0.0,20170728,1
234,disk_71265,A,1,100.0,82.0,100.0,100.0,100.0,31.0,100.0,100.0,0.0,0.0,20170720,1
235,disk_69295,A,1,100.0,82.0,100.0,100.0,100.0,31.0,100.0,100.0,0.0,0.0,20170710,0
236,disk_70300,A,1,100.0,81.0,100.0,100.0,100.0,27.0,100.0,100.0,0.0,0.0,20170730,0
237,disk_69260,A,1,100.0,81.0,100.0,100.0,100.0,26.0,100.0,100.0,0.0,0.0,20170713,0
238,disk_69856,A,1,100.0,82.0,100.0,100.0,100.0,30.0,100.0,100.0,0.0,0.0,20170715,0
239,disk_69921,A,1,100.0,89.0,100.0,100.0,100.0,31.0,100.0,100.0,0.0,0.0,20170727,0
240,disk_69347,A,1,100.0,80.0,100.0,100.0,100.0,33.0,100.0,100.0,0.0,0.0,20170727,0
241,disk_70014,A,1,100.0,82.0,100.0,100.0,100.0,28.0,100.0,100.0,0.0,0.0,20170727,0
242,disk_69349,A,1,100.0,81.0,100.0,100.0,100.0,28.0,100.0,100.0,0.0,0.0,20170728,0
243,disk_70837,A,1,100.0,82.0,100.0,100.0,100.0,28.0,100.0,100.0,0.0,0.0,20170719,0
244,disk_69622,A,1,100.0,82.0,100.0,100.0,100.0,31.0,100.0,100.0,0.0,0.0,20170730,0
245,disk_6941,A,1,100.0,88.0,100.0,100.0,100.0,29.0,100.0,100.0,0.0,0.0,20170727,0
246,disk_140979,A,1,100.0,81.0,100.0,100.0,100.0,28.0,100.0,100.0,0.0,0.0,20170717,1
247,disk_69369,A,1,100.0,81.0,100.0,100.0,100.0,30.0,100.0,100.0,0.0,0.0,20170716,0
248,disk_70721,A,1,100.0,82.0,100.0,100.0,100.0,34.0,100.0,100.0,0.0,0.0,20170717,0
249,disk_64274,A,1,100.0,79.0,100.0,100.0,100.0,32.0,100.0,100.0,0.0,0.0,20170710,1
250,disk_11565,A,1,100.0,88.0,100.0,100.0,99.0,27.0,100.0,100.0,0.0,0.0,20170710,1
251,disk_67010,A,1,98.0,81.0,98.0,100.0,100.0,27.0,100.0,100.0,0.0,0.0,20170718,1
252,disk_69439,A,1,100.0,82.0,100.0,100.0,100.0,27.0,100.0,100.0,0.0,0.0,20170727,0
253,disk_69461,A,1,100.0,81.0,100.0,100.0,100.0,31.0,100.0,100.0,0.0,0.0,20170710,0
254,disk_67010,A,1,98.0,81.0,98.0,100.0,100.0,32.0,100.0,100.0,0.0,0.0,20170729,1
255,disk_45789,A,2,100.0,86.0,100.0,100.0,100.0,26.0,100.0,100.0,100.0,100.0,20170721,1
256,disk_69532,A,1,100.0,82.0,100.0,100.0,100.0,26.0,100.0,100.0,0.0,0.0,20170719,0
257,disk_70238,A,1,100.0,83.0,100.0,100.0,100.0,24.0,100.0,100.0,0.0,0.0,20170720,0
258,disk_69491,A,1,100.0,82.0,100.0,100.0,100.0,28.0,100.0,100.0,0.0,0.0,20170726,0
259,disk_70014,A,1,100.0,82.0,100.0,100.0,100.0,27.0,100.0,100.0,0.0,0.0,20170709,0
260,disk_70423,A,1,100.0,81.0,100.0,100.0,100.0,32.0,100.0,100.0,0.0,0.0,20170711,0
261,disk_70504,A,1,100.0,84.0,100.0,100.0,100.0,25.0,100.0,100.0,0.0,0.0,20170711,0
262,disk_69867,A,1,100.0,82.0,100.0,100.0,100.0,30.0,100.0,100.0,0.0,0.0,20170712,0
263,disk_69590,A,1,100.0,82.0,100.0,100.0,100.0,27.0,100.0,100.0,0.0,0.0,20170714,0
264,disk_69747,A,1,100.0,82.0,100.0,100.0,100.0,30.0,100.0,100.0,0.0,0.0,20170720,0
265,disk_146958,A,1,100.0,80.0,100.0,75.0,100.0,20.0,93.0,93.0,0.0,0.0,20170713,1
266,disk_19504,A,1,100.0,96.0,100.0,100.0,100.0,30.0,100.0,100.0,0.0,0.0,20170716,1
267,disk_69389,A,1,100.0,82.0,100.0,100.0,100.0,29.0,100.0,100.0,0.0,0.0,20170714,0
268,disk_69499,A,1,100.0,82.0,100.0,100.0,100.0,27.0,100.0,100.0,0.0,0.0,20170730,0
269,disk_6922,A,1,100.0,88.0,100.0,100.0,100.0,24.0,100.0,100.0,0.0,0.0,20170709,0
270,disk_19504,A,1,97.0,96.0,100.0,100.0,100.0,33.0,100.0,100.0,0.0,0.0,20170722,1
271,disk_70841,A,1,100.0,82.0,100.0,100.0,100.0,28.0,100.0,100.0,0.0,0.0,20170723,0
272,disk_11565,A,1,100.0,88.0,100.0,100.0,99.0,27.0,100.0,100.0,0.0,0.0,20170711,1
273,disk_70615,A,1,100.0,82.0,100.0,100.0,100.0,31.0,100.0,100.0,0.0,0.0,20170731,0
274,disk_70205,A,1,100.0,80.0,100.0,100.0,100.0,34.0,100.0,100.0,0.0,0.0,20170728,0
275,disk_70012,A,1,100.0,82.0,100.0,100.0,100.0,28.0,100.0,100.0,0.0,0.0,20170710,0
276,disk_11565,A,1,100.0,88.0,100.0,100.0,99.0,27.0,100.0,100.0,0.0,0.0,20170716,1
277,disk_71265,A,1,100.0,82.0,100.0,100.0,100.0,31.0,100.0,100.0,0.0,0.0,20170726,1
278,disk_45789,A,2,100.0,86.0,100.0,100.0,100.0,26.0,100.0,100.0,100.0,100.0,20170725,1
279,disk_69279,A,1,100.0,87.0,100.0,100.0,100.0,30.0,100.0,100.0,0.0,0.0,20170711,0
280,disk_44296,A,1,100.0,69.0,100.0,100.0,100.0,34.0,100.0,100.0,0.0,0.0,20170725,1
281,disk_695,A,1,100.0,88.0,100.0,100.0,100.0,32.0,100.0,100.0,0.0,0.0,20170728,0
282,disk_71265,A,1,100.0,82.0,100.0,100.0,100.0,29.0,100.0,100.0,0.0,0.0,20170713,1
283,disk_143171,A,1,100.0,80.0,100.0,100.0,100.0,29.0,100.0,100.0,0.0,0.0,20170712,1
284,disk_37623,A,1,100.0,70.0,100.0,100.0,100.0,32.0,100.0,100.0,0.0,0.0,20170724,1
285,disk_71265,A,1,100.0,82.0,100.0,100.0,100.0,29.0,100.0,100.0,0.0,0.0,20170712,1
286,disk_118319,A,1,100.0,70.0,100.0,100.0,100.0,30.0,100.0,100.0,0.0,0.0,20170710,1
287,disk_70509,A,1,100.0,82.0,100.0,100.0,100.0,29.0,100.0,100.0,0.0,0.0,20170713,0
288,disk_70829,A,1,100.0,81.0,100.0,100.0,100.0,28.0,100.0,100.0,0.0,0.0,20170714,0
289,disk_45789,A,2,100.0,86.0,100.0,100.0,100.0,26.0,100.0,100.0,100.0,100.0,20170723,1
290,disk_70535,A,1,100.0,82.0,100.0,100.0,100.0,27.0,100.0,100.0,0.0,0.0,20170722,0
291,disk_73921,A,1,100.0,87.0,100.0,100.0,100.0,26.0,100.0,100.0,0.0,0.0,20170718,1
292,disk_70486,A,1,100.0,81.0,100.0,100.0,100.0,27.0,100.0,100.0,0.0,0.0,20170727,0
293,disk_70556,A,1,100.0,82.0,100.0,100.0,100.0,27.0,100.0,100.0,0.0,0.0,20170709,0
294,disk_70703,A,1,100.0,81.0,100.0,100.0,100.0,31.0,100.0,100.0,0.0,0.0,20170725,0
295,disk_11565,A,1,100.0,88.0,100.0,100.0,99.0,27.0,100.0,100.0,0.0,0.0,20170712,1
296,disk_29871,A,1,100.0,78.0,100.0,100.0,100.0,28.0,100.0,100.0,0.0,0.0,20170712,1
297,disk_29871,A,1,100.0,78.0,100.0,100.0,100.0,28.0,100.0,100.0,0.0,0.0,20170725,1
298,disk_29871,A,1,100.0,78.0,100.0,100.0,100.0,28.0,100.0,100.0,0.0,0.0,20170716,1
299,disk_60889,A,2,100.0,100.0,100.0,100.0,100.0,32.0,100.0,100.0,100.0,100.0,20170716,1
300,disk_143171,A,1,100.0,80.0,100.0,100.0,100.0,28.0,100.0,100.0,0.0,0.0,20170723,1
301,disk_69712,A,1,100.0,82.0,100.0,100.0,100.0,31.0,100.0,100.0,0.0,0.0,20170723,0
302,disk_70325,A,1,100.0,80.0,100.0,100.0,100.0,39.0,100.0,100.0,0.0,0.0,20170719,0
303,disk_49001,A,2,100.0,89.0,100.0,100.0,96.0,25.0,100.0,100.0,100.0,100.0,20170710,1
304,disk_140979,A,1,100.0,81.0,100.0,100.0,100.0,28.0,100.0,100.0,0.0,0.0,20170714,1
305,disk_89624,A,1,100.0,92.0,97.0,100.0,100.0,28.0,100.0,100.0,0.0,0.0,20170716,1
306,disk_119023,A,2,100.0,87.0,99.0,100.0,100.0,31.0,100.0,100.0,100.0,100.0,20170722,1
307,disk_148265,A,1,100.0,84.0,100.0,100.0,100.0,30.0,100.0,100.0,0.0,0.0,20170713,1
308,disk_70698,A,1,100.0,82.0,100.0,100.0,100.0,30.0,100.0,100.0,0.0,0.0,20170719,0
309,disk_70407,A,1,100.0,81.0,100.0,100.0,100.0,27.0,100.0,100.0,0.0,0.0,20170713,0
310,disk_69408,A,1,100.0,82.0,100.0,100.0,100.0,27.0,100.0,100.0,0.0,0.0,20170716,0
311,disk_61196,A,1,100.0,78.0,100.0,100.0,100.0,30.0,100.0,100.0,0.0,0.0,20170715,1
312,disk_69585,A,1,100.0,82.0,100.0,100.0,100.0,27.0,100.0,100.0,0.0,0.0,20170715,0
313,disk_70073,A,1,100.0,85.0,100.0,100.0,100.0,27.0,100.0,100.0,0.0,0.0,20170714,0
314,disk_69513,A,1,100.0,82.0,100.0,100.0,100.0,32.0,100.0,100.0,0.0,0.0,20170727,0
315,disk_67010,A,1,98.0,81.0,98.0,100.0,100.0,27.0,100.0,100.0,0.0,0.0,20170719,1
316,disk_29871,A,1,100.0,78.0,100.0,100.0,100.0,28.0,100.0,100.0,0.0,0.0,20170717,1
317,disk_70119,A,1,100.0,84.0,100.0,100.0,100.0,27.0,100.0,100.0,0.0,0.0,20170730,0
318,disk_142501,A,1,44.0,80.0,100.0,100.0,100.0,30.0,100.0,100.0,0.0,0.0,20170709,1
319,disk_11565,A,1,100.0,88.0,100.0,100.0,99.0,27.0,100.0,100.0,0.0,0.0,20170717,1
320,disk_69649,A,1,100.0,81.0,100.0,100.0,100.0,31.0,100.0,100.0,0.0,0.0,20170714,0
321,disk_136557,A,1,100.0,78.0,100.0,100.0,100.0,32.0,100.0,100.0,0.0,0.0,20170711,1
322,disk_70559,A,1,100.0,84.0,100.0,100.0,100.0,30.0,100.0,100.0,0.0,0.0,20170711,0
323,disk_70360,A,1,100.0,81.0,100.0,100.0,100.0,32.0,100.0,100.0,0.0,0.0,20170711,0
324,disk_61196,A,1,100.0,78.0,100.0,100.0,100.0,30.0,100.0,100.0,0.0,0.0,20170712,1
325,disk_146958,A,1,100.0,81.0,100.0,100.0,100.0,24.0,94.0,94.0,0.0,0.0,20170709,1
326,disk_70590,A,1,100.0,82.0,100.0,100.0,100.0,29.0,100.0,100.0,0.0,0.0,20170710,0
327,disk_69319,A,1,100.0,81.0,100.0,100.0,100.0,26.0,100.0,100.0,0.0,0.0,20170727,0
328,disk_45789,A,2,100.0,86.0,100.0,100.0,100.0,25.0,100.0,100.0,100.0,100.0,20170710,1
329,disk_7041,A,1,100.0,88.0,100.0,100.0,100.0,28.0,100.0,100.0,0.0,0.0,20170716,0
330,disk_70208,A,1,100.0,81.0,100.0,100.0,100.0,30.0,100.0,100.0,0.0,0.0,20170727,0
331,disk_706,A,1,100.0,88.0,100.0,100.0,100.0,28.0,100.0,100.0,0.0,0.0,20170729,0
332,disk_136557,A,1,100.0,78.0,100.0,100.0,100.0,32.0,100.0,100.0,0.0,0.0,20170721,1
333,disk_70671,A,1,100.0,82.0,100.0,100.0,100.0,29.0,100.0,100.0,0.0,0.0,20170724,0
334,disk_70167,A,1,100.0,81.0,100.0,100.0,100.0,28.0,100.0,100.0,0.0,0.0,20170728,0
335,disk_24760,A,1,100.0,69.0,100.0,100.0,100.0,30.0,100.0,100.0,0.0,0.0,20170714,1
336,disk_70484,A,1,100.0,81.0,100.0,100.0,100.0,27.0,100.0,100.0,0.0,0.0,20170731,0
337,disk_118319,A,1,100.0,70.0,100.0,100.0,100.0,30.0,100.0,100.0,0.0,0.0,20170711,1
338,disk_136557,A,1,100.0,78.0,100.0,100.0,100.0,33.0,100.0,100.0,0.0,0.0,20170715,1
339,disk_118621,A,2,100.0,89.0,100.0,100.0,100.0,29.0,100.0,100.0,100.0,100.0,20170712,1
340,disk_6978,A,1,100.0,88.0,100.0,100.0,99.0,29.0,100.0,100.0,0.0,0.0,20170731,0
341,disk_43271,A,1,100.0,74.0,100.0,100.0,100.0,30.0,100.0,100.0,0.0,0.0,20170716,1
342,disk_70292,A,1,100.0,81.0,100.0,100.0,100.0,27.0,100.0,100.0,0.0,0.0,20170724,0
343,disk_69871,A,1,100.0,81.0,100.0,100.0,100.0,30.0,100.0,100.0,0.0,0.0,20170713,0
344,disk_70643,A,1,100.0,82.0,100.0,100.0,100.0,31.0,100.0,100.0,0.0,0.0,20170710,0
345,disk_70071,A,1,100.0,85.0,100.0,100.0,100.0,25.0,100.0,100.0,0.0,0.0,20170717,0
346,disk_44296,A,1,100.0,69.0,100.0,100.0,100.0,34.0,100.0,100.0,0.0,0.0,20170711,1
347,disk_69422,A,1,100.0,82.0,100.0,100.0,100.0,26.0,100.0,100.0,0.0,0.0,20170715,0
348,disk_70185,A,1,100.0,81.0,100.0,100.0,100.0,28.0,100.0,100.0,0.0,0.0,20170722,0
349,disk_69533,A,1,100.0,82.0,100.0,100.0,100.0,26.0,100.0,100.0,0.0,0.0,20170718,0
350,disk_60889,A,2,100.0,100.0,100.0,100.0,100.0,31.0,100.0,100.0,100.0,100.0,20170720,1
351,disk_37623,A,1,100.0,70.0,100.0,100.0,100.0,32.0,100.0,100.0,0.0,0.0,20170725,1
352,disk_13117,A,1,100.0,88.0,100.0,100.0,100.0,28.0,100.0,100.0,0.0,0.0,20170710,1
353,disk_70776,A,1,100.0,81.0,100.0,100.0,100.0,31.0,100.0,100.0,0.0,0.0,20170714,0
354,disk_61196,A,1,100.0,78.0,100.0,100.0,100.0,30.0,100.0,100.0,0.0,0.0,20170713,1
355,disk_70229,A,1,100.0,83.0,100.0,100.0,100.0,36.0,100.0,100.0,0.0,0.0,20170716,0
356,disk_71265,A,1,100.0,82.0,100.0,100.0,100.0,31.0,100.0,100.0,0.0,0.0,20170718,1
357,disk_121839,A,2,100.0,91.0,100.0,100.0,100.0,31.0,100.0,100.0,100.0,100.0,20170719,1
358,disk_43271,A,1,100.0,75.0,100.0,100.0,100.0,30.0,100.0,100.0,0.0,0.0,20170712,1
359,disk_69605,A,1,100.0,82.0,100.0,100.0,100.0,33.0,100.0,100.0,0.0,0.0,20170728,0
360,disk_11565,A,1,100.0,88.0,100.0,100.0,99.0,27.0,100.0,100.0,0.0,0.0,20170718,1
361,disk_70203,A,1,100.0,82.0,100.0,100.0,100.0,33.0,100.0,100.0,0.0,0.0,20170729,0
362,disk_69594,A,1,100.0,82.0,100.0,100.0,100.0,28.0,100.0,100.0,0.0,0.0,20170730,0
363,disk_69507,A,1,100.0,82.0,100.0,100.0,100.0,27.0,100.0,100.0,0.0,0.0,20170722,0
364,disk_69388,A,1,100.0,82.0,100.0,100.0,100.0,30.0,100.0,100.0,0.0,0.0,20170723,0
365,disk_69746,A,1,100.0,82.0,100.0,100.0,100.0,32.0,100.0,100.0,0.0,0.0,20170714,0
366,disk_70403,A,1,100.0,86.0,100.0,100.0,100.0,27.0,100.0,100.0,0.0,0.0,20170718,0
367,disk_69655,A,1,100.0,85.0,100.0,100.0,100.0,31.0,100.0,100.0,0.0,0.0,20170718,0
368,disk_43271,A,1,100.0,74.0,99.0,100.0,100.0,30.0,100.0,100.0,0.0,0.0,20170717,1
369,disk_110667,A,1,100.0,70.0,100.0,100.0,100.0,32.0,100.0,100.0,0.0,0.0,20170715,1
370,disk_119023,A,2,100.0,87.0,99.0,100.0,100.0,31.0,100.0,100.0,100.0,100.0,20170710,1
371,disk_119023,A,2,100.0,87.0,99.0,100.0,100.0,31.0,100.0,100.0,100.0,100.0,20170720,1
372,disk_73921,A,1,100.0,87.0,100.0,100.0,100.0,26.0,100.0,100.0,0.0,0.0,20170715,1
373,disk_61196,A,1,100.0,78.0,100.0,100.0,100.0,30.0,100.0,100.0,0.0,0.0,20170726,1
374,disk_29871,A,1,100.0,78.0,100.0,100.0,100.0,28.0,100.0,100.0,0.0,0.0,20170729,1
375,disk_70302,A,1,100.0,81.0,100.0,100.0,100.0,28.0,100.0,100.0,0.0,0.0,20170719,0
376,disk_70429,A,1,100.0,84.0,100.0,100.0,100.0,31.0,100.0,100.0,0.0,0.0,20170711,0
377,disk_118621,A,2,100.0,89.0,100.0,100.0,100.0,30.0,100.0,100.0,100.0,100.0,20170714,1
378,disk_7065,A,1,100.0,88.0,100.0,100.0,99.0,28.0,100.0,100.0,0.0,0.0,20170721,0
379,disk_118621,A,2,100.0,89.0,100.0,100.0,100.0,29.0,100.0,100.0,100.0,100.0,20170711,1
380,disk_43271,A,1,100.0,75.0,100.0,100.0,100.0,30.0,100.0,100.0,0.0,0.0,20170715,1
381,disk_69426,A,1,100.0,82.0,100.0,100.0,100.0,28.0,100.0,100.0,0.0,0.0,20170714,0
382,disk_49001,A,2,100.0,89.0,100.0,100.0,96.0,24.0,100.0,100.0,100.0,100.0,20170719,1
383,disk_70562,A,1,100.0,82.0,100.0,100.0,100.0,29.0,100.0,100.0,0.0,0.0,20170723,0
384,disk_44296,A,1,100.0,69.0,100.0,100.0,100.0,34.0,100.0,100.0,0.0,0.0,20170713,1
385,disk_148265,A,1,100.0,85.0,100.0,100.0,100.0,29.0,100.0,100.0,0.0,0.0,20170711,1
386,disk_69469,A,1,100.0,82.0,100.0,100.0,100.0,24.0,100.0,100.0,0.0,0.0,20170722,0
387,disk_29871,A,1,100.0,78.0,100.0,100.0,100.0,28.0,100.0,100.0,0.0,0.0,20170715,1
388,disk_69588,A,1,100.0,82.0,100.0,100.0,100.0,29.0,100.0,100.0,0.0,0.0,20170713,0
389,disk_70596,A,1,100.0,82.0,100.0,100.0,100.0,33.0,100.0,100.0,0.0,0.0,20170727,0
390,disk_70771,A,1,100.0,81.0,100.0,100.0,100.0,30.0,100.0,100.0,0.0,0.0,20170729,0
391,disk_104879,A,1,100.0,79.0,100.0,100.0,100.0,28.0,100.0,100.0,0.0,0.0,20170710,1
392,disk_37623,A,1,100.0,71.0,100.0,100.0,100.0,32.0,100.0,100.0,0.0,0.0,20170720,1
393,disk_30546,A,1,89.0,78.0,1.0,100.0,100.0,25.0,97.0,97.0,0.0,0.0,20170714,1
394,disk_45789,A,2,100.0,86.0,100.0,100.0,100.0,26.0,100.0,100.0,100.0,100.0,20170722,1
395,disk_43271,A,1,100.0,75.0,100.0,100.0,100.0,30.0,100.0,100.0,0.0,0.0,20170713,1
396,disk_69923,A,1,100.0,83.0,100.0,100.0,100.0,29.0,100.0,100.0,0.0,0.0,20170719,0
397,disk_69868,A,1,100.0,79.0,100.0,100.0,100.0,26.0,100.0,100.0,0.0,0.0,20170719,0
398,disk_140979,A,1,100.0,81.0,100.0,100.0,100.0,28.0,100.0,100.0,0.0,0.0,20170720,1
399,disk_121839,A,2,100.0,91.0,100.0,100.0,100.0,31.0,100.0,100.0,100.0,100.0,20170722,1
400,disk_146958,A,1,100.0,81.0,100.0,100.0,100.0,24.0,94.0,94.0,0.0,0.0,20170710,1
401,disk_11565,A,1,100.0,89.0,100.0,100.0,99.0,27.0,100.0,100.0,0.0,0.0,20170709,1
402,disk_70862,A,1,100.0,82.0,100.0,100.0,100.0,32.0,100.0,100.0,0.0,0.0,20170716,0
403,disk_142751,A,1,33.0,81.0,74.0,100.0,100.0,29.0,98.0,98.0,0.0,0.0,20170710,1
404,disk_69750,A,1,100.0,82.0,100.0,100.0,100.0,31.0,100.0,100.0,0.0,0.0,20170713,0
405,disk_24760,A,1,100.0,69.0,100.0,100.0,100.0,30.0,100.0,100.0,0.0,0.0,20170711,1
406,disk_69900,A,1,100.0,82.0,100.0,100.0,100.0,29.0,100.0,100.0,0.0,0.0,20170709,0
407,disk_70490,A,1,100.0,81.0,100.0,100.0,100.0,32.0,100.0,100.0,0.0,0.0,20170715,0
408,disk_69777,A,1,100.0,85.0,100.0,100.0,100.0,28.0,100.0,100.0,0.0,0.0,20170719,0
409,disk_118621,A,2,100.0,89.0,100.0,100.0,100.0,29.0,100.0,100.0,100.0,100.0,20170717,1
410,disk_69463,A,1,100.0,82.0,100.0,100.0,100.0,31.0,100.0,100.0,0.0,0.0,20170723,0
411,disk_7051,A,1,100.0,88.0,100.0,100.0,99.0,28.0,100.0,100.0,0.0,0.0,20170721,0
412,disk_140979,A,1,100.0,81.0,100.0,100.0,100.0,28.0,100.0,100.0,0.0,0.0,20170722,1
413,disk_70566,A,1,100.0,84.0,100.0,100.0,100.0,27.0,100.0,100.0,0.0,0.0,20170713,0
414,disk_697,A,1,100.0,88.0,100.0,100.0,100.0,23.0,100.0,100.0,0.0,0.0,20170731,0
415,disk_89624,A,1,100.0,92.0,100.0,100.0,100.0,28.0,100.0,100.0,0.0,0.0,20170711,1
416,disk_30546,A,1,89.0,78.0,1.0,100.0,100.0,25.0,97.0,97.0,0.0,0.0,20170721,1
417,disk_69713,A,1,100.0,85.0,100.0,100.0,100.0,24.0,100.0,100.0,0.0,0.0,20170717,0
418,disk_45789,A,2,100.0,86.0,100.0,100.0,100.0,26.0,100.0,100.0,100.0,100.0,20170724,1
419,disk_70065,A,1,100.0,84.0,100.0,100.0,100.0,26.0,100.0,100.0,0.0,0.0,20170728,0
420,disk_6960,A,1,100.0,88.0,100.0,100.0,100.0,29.0,100.0,100.0,0.0,0.0,20170709,0
421,disk_119023,A,2,100.0,87.0,99.0,100.0,100.0,31.0,100.0,100.0,100.0,100.0,20170714,1
422,disk_70536,A,1,100.0,82.0,100.0,100.0,100.0,27.0,100.0,100.0,0.0,0.0,20170720,0
423,disk_6922,A,1,100.0,88.0,100.0,100.0,100.0,24.0,100.0,100.0,0.0,0.0,20170711,0
424,disk_19504,A,1,100.0,96.0,100.0,100.0,100.0,29.0,100.0,100.0,0.0,0.0,20170710,1
425,disk_69310,A,1,100.0,81.0,100.0,100.0,100.0,32.0,100.0,100.0,0.0,0.0,20170724,0
426,disk_91432,A,1,100.0,93.0,98.0,100.0,100.0,28.0,100.0,100.0,0.0,0.0,20170728,1
427,disk_136557,A,1,100.0,78.0,100.0,100.0,100.0,32.0,100.0,100.0,0.0,0.0,20170719,1
428,disk_119023,A,2,100.0,87.0,99.0,100.0,100.0,31.0,100.0,100.0,100.0,100.0,20170719,1
429,disk_70090,A,1,100.0,84.0,100.0,100.0,100.0,28.0,100.0,100.0,0.0,0.0,20170728,0
430,disk_140979,A,1,100.0,81.0,100.0,100.0,100.0,28.0,100.0,100.0,0.0,0.0,20170721,1
431,disk_29871,A,1,100.0,78.0,100.0,100.0,100.0,28.0,100.0,100.0,0.0,0.0,20170719,1
432,disk_13117,A,1,100.0,88.0,98.0,100.0,100.0,27.0,100.0,100.0,0.0,0.0,20170714,1
433,disk_69581,A,1,100.0,82.0,100.0,100.0,100.0,27.0,100.0,100.0,0.0,0.0,20170729,0
434,disk_6950,A,1,100.0,88.0,100.0,100.0,100.0,31.0,100.0,100.0,0.0,0.0,20170725,0
435,disk_89624,A,1,100.0,92.0,100.0,100.0,100.0,28.0,100.0,100.0,0.0,0.0,20170713,1
436,disk_73921,A,1,100.0,87.0,100.0,100.0,100.0,27.0,100.0,100.0,0.0,0.0,20170720,1
437,disk_69364,A,1,100.0,81.0,100.0,100.0,100.0,28.0,100.0,100.0,0.0,0.0,20170726,0
438,disk_142751,A,1,5.0,80.0,59.0,100.0,100.0,28.0,96.0,96.0,0.0,0.0,20170715,1
439,disk_6978,A,1,100.0,88.0,100.0,100.0,99.0,28.0,100.0,100.0,0.0,0.0,20170711,0
440,disk_19504,A,1,100.0,96.0,100.0,100.0,100.0,30.0,100.0,100.0,0.0,0.0,20170719,1
441,disk_7041,A,1,100.0,88.0,100.0,100.0,100.0,28.0,100.0,100.0,0.0,0.0,20170730,0
442,disk_42711,A,1,100.0,69.0,100.0,100.0,100.0,35.0,100.0,100.0,0.0,0.0,20170720,1
443,disk_104879,A,1,100.0,79.0,100.0,100.0,100.0,27.0,100.0,100.0,0.0,0.0,20170715,1
444,disk_140979,A,1,100.0,81.0,100.0,100.0,100.0,28.0,100.0,100.0,0.0,0.0,20170716,1
445,disk_70788,A,1,100.0,81.0,100.0,100.0,100.0,33.0,100.0,100.0,0.0,0.0,20170713,0
446,disk_70085,A,1,100.0,82.0,100.0,100.0,100.0,30.0,100.0,100.0,0.0,0.0,20170710,0
447,disk_143171,A,1,100.0,80.0,100.0,100.0,100.0,29.0,100.0,100.0,0.0,0.0,20170726,1
448,disk_67010,A,1,98.0,81.0,97.0,100.0,100.0,32.0,100.0,100.0,0.0,0.0,20170730,1
449,disk_67010,A,1,98.0,81.0,98.0,100.0,100.0,29.0,100.0,100.0,0.0,0.0,20170726,1
450,disk_6974,A,1,100.0,88.0,100.0,100.0,100.0,28.0,100.0,100.0,0.0,0.0,20170715,0
451,disk_70772,A,1,100.0,81.0,100.0,100.0,100.0,28.0,100.0,100.0,0.0,0.0,20170731,0
452,disk_110667,A,1,100.0,70.0,100.0,100.0,100.0,32.0,100.0,100.0,0.0,0.0,20170716,1
453,disk_43271,A,1,100.0,75.0,100.0,100.0,100.0,30.0,100.0,100.0,0.0,0.0,20170709,1
454,disk_67010,A,1,98.0,81.0,98.0,100.0,100.0,27.0,100.0,100.0,0.0,0.0,20170717,1
455,disk_70557,A,1,100.0,82.0,100.0,100.0,100.0,32.0,100.0,100.0,0.0,0.0,20170711,0
456,disk_61196,A,1,100.0,79.0,100.0,100.0,100.0,30.0,100.0,100.0,0.0,0.0,20170709,1
457,disk_119023,A,2,100.0,88.0,99.0,100.0,100.0,31.0,100.0,100.0,100.0,100.0,20170709,1
458,disk_69835,A,1,100.0,82.0,100.0,100.0,100.0,28.0,100.0,100.0,0.0,0.0,20170730,0
459,disk_69536,A,1,100.0,82.0,100.0,100.0,100.0,27.0,100.0,100.0,0.0,0.0,20170721,0
460,disk_69207,A,1,100.0,82.0,100.0,100.0,100.0,28.0,100.0,100.0,0.0,0.0,20170711,0
461,disk_61196,A,1,100.0,78.0,100.0,100.0,100.0,30.0,100.0,100.0,0.0,0.0,20170723,1
462,disk_70484,A,1,100.0,81.0,100.0,100.0,100.0,27.0,100.0,100.0,0.0,0.0,20170716,0
463,disk_70619,A,1,100.0,82.0,100.0,100.0,100.0,32.0,100.0,100.0,0.0,0.0,20170721,0
464,disk_70690,A,1,100.0,82.0,100.0,100.0,100.0,31.0,100.0,100.0,0.0,0.0,20170716,0
465,disk_70542,A,1,100.0,82.0,100.0,100.0,100.0,31.0,100.0,100.0,0.0,0.0,20170717,0
466,disk_19504,A,1,100.0,96.0,100.0,100.0,100.0,30.0,100.0,100.0,0.0,0.0,20170717,1
467,disk_45839,A,1,100.0,69.0,100.0,100.0,100.0,33.0,100.0,100.0,0.0,0.0,20170710,1
468,disk_45789,A,2,100.0,86.0,100.0,100.0,100.0,26.0,100.0,100.0,100.0,100.0,20170713,1
469,disk_7051,A,1,100.0,88.0,100.0,100.0,99.0,28.0,100.0,100.0,0.0,0.0,20170731,0
470,disk_69937,A,1,100.0,81.0,100.0,100.0,100.0,31.0,100.0,100.0,0.0,0.0,20170731,0
471,disk_69972,A,1,100.0,80.0,100.0,100.0,100.0,25.0,100.0,100.0,0.0,0.0,20170719,0
472,disk_70263,A,1,100.0,81.0,100.0,100.0,100.0,28.0,100.0,100.0,0.0,0.0,20170724,0
473,disk_70609,A,1,100.0,82.0,100.0,100.0,100.0,24.0,100.0,100.0,0.0,0.0,20170725,0
474,disk_70345,A,1,100.0,82.0,100.0,100.0,100.0,33.0,100.0,100.0,0.0,0.0,20170715,0
475,disk_76797,A,1,100.0,88.0,100.0,100.0,100.0,27.0,100.0,100.0,0.0,0.0,20170713,1
476,disk_7074,A,1,100.0,88.0,100.0,100.0,100.0,28.0,100.0,100.0,0.0,0.0,20170725,0
477,disk_70270,A,1,100.0,80.0,100.0,100.0,100.0,35.0,100.0,100.0,0.0,0.0,20170718,0
478,disk_70523,A,1,100.0,82.0,100.0,100.0,100.0,31.0,100.0,100.0,0.0,0.0,20170716,0
479,disk_61196,A,1,100.0,78.0,100.0,100.0,100.0,30.0,100.0,100.0,0.0,0.0,20170717,1
480,disk_69524,A,1,100.0,82.0,100.0,100.0,100.0,26.0,100.0,100.0,0.0,0.0,20170722,0
481,disk_70103,A,1,100.0,81.0,100.0,100.0,100.0,30.0,100.0,100.0,0.0,0.0,20170715,0
482,disk_140979,A,1,100.0,81.0,100.0,100.0,100.0,28.0,100.0,100.0,0.0,0.0,20170711,1
483,disk_69393,A,1,100.0,82.0,100.0,100.0,100.0,29.0,100.0,100.0,0.0,0.0,20170722,0
484,disk_61196,A,1,100.0,78.0,100.0,100.0,100.0,30.0,100.0,100.0,0.0,0.0,20170722,1
485,disk_143171,A,1,100.0,80.0,100.0,100.0,100.0,29.0,100.0,100.0,0.0,0.0,20170711,1
486,disk_70321,A,1,100.0,81.0,100.0,100.0,100.0,30.0,100.0,100.0,0.0,0.0,20170712,0
487,disk_67010,A,1,98.0,81.0,98.0,100.0,100.0,29.0,100.0,100.0,0.0,0.0,20170724,1
488,disk_69256,A,1,100.0,81.0,100.0,100.0,100.0,35.0,100.0,100.0,0.0,0.0,20170727,0
489,disk_70493,A,1,100.0,81.0,100.0,100.0,100.0,32.0,100.0,100.0,0.0,0.0,20170722,0
490,disk_67010,A,1,98.0,81.0,98.0,100.0,100.0,27.0,100.0,100.0,0.0,0.0,20170710,1
491,disk_142751,A,1,30.0,81.0,74.0,100.0,100.0,29.0,97.0,97.0,0.0,0.0,20170711,1
492,disk_44296,A,1,100.0,69.0,100.0,100.0,100.0,35.0,100.0,100.0,0.0,0.0,20170716,1
493,disk_121839,A,2,100.0,92.0,100.0,100.0,100.0,30.0,100.0,100.0,100.0,100.0,20170717,1
494,disk_42711,A,1,100.0,69.0,100.0,100.0,100.0,35.0,100.0,100.0,0.0,0.0,20170716,1
495,disk_119023,A,2,100.0,87.0,99.0,100.0,100.0,31.0,100.0,100.0,100.0,100.0,20170711,1
496,disk_70579,A,1,100.0,82.0,100.0,100.0,100.0,33.0,100.0,100.0,0.0,0.0,20170715,0
497,disk_70355,A,1,100.0,80.0,100.0,100.0,100.0,34.0,100.0,100.0,0.0,0.0,20170718,0
498,disk_42711,A,1,100.0,69.0,100.0,100.0,100.0,35.0,100.0,100.0,0.0,0.0,20170718,1
499,disk_148265,A,1,100.0,84.0,100.0,100.0,100.0,30.0,100.0,100.0,0.0,0.0,20170716,1
500,disk_6981,A,1,100.0,88.0,100.0,100.0,100.0,27.0,100.0,100.0,0.0,0.0,20170723,0
501,disk_143171,A,1,100.0,80.0,100.0,100.0,100.0,29.0,100.0,100.0,0.0,0.0,20170709,1
502,disk_73921,A,1,100.0,87.0,100.0,100.0,100.0,26.0,100.0,100.0,0.0,0.0,20170719,1
503,disk_42711,A,1,100.0,69.0,100.0,100.0,100.0,35.0,100.0,100.0,0.0,0.0,20170721,1
504,disk_119023,A,2,100.0,87.0,99.0,100.0,100.0,31.0,100.0,100.0,100.0,100.0,20170712,1
505,disk_69301,A,1,100.0,81.0,100.0,100.0,100.0,34.0,100.0,100.0,0.0,0.0,20170716,0
506,disk_45789,A,2,100.0,86.0,100.0,100.0,100.0,26.0,100.0,100.0,100.0,100.0,20170714,1
507,disk_42711,A,1,100.0,69.0,100.0,100.0,100.0,35.0,100.0,100.0,0.0,0.0,20170722,1
508,disk_70114,A,1,100.0,81.0,100.0,100.0,100.0,29.0,100.0,100.0,0.0,0.0,20170727,0
509,disk_70760,A,1,100.0,81.0,100.0,100.0,100.0,28.0,100.0,100.0,0.0,0.0,20170717,0
510,disk_121839,A,2,100.0,92.0,100.0,100.0,100.0,30.0,100.0,100.0,100.0,100.0,20170718,1
511,disk_67010,A,1,98.0,81.0,98.0,100.0,100.0,29.0,100.0,100.0,0.0,0.0,20170727,1
512,disk_69207,A,1,100.0,81.0,100.0,100.0,100.0,29.0,100.0,100.0,0.0,0.0,20170718,0
513,disk_70358,A,1,100.0,82.0,100.0,100.0,100.0,37.0,100.0,100.0,0.0,0.0,20170728,0
514,disk_70118,A,1,100.0,81.0,100.0,100.0,100.0,29.0,100.0,100.0,0.0,0.0,20170715,0
515,disk_69835,A,1,100.0,82.0,100.0,100.0,100.0,29.0,100.0,100.0,0.0,0.0,20170720,0
516,disk_19504,A,1,100.0,96.0,100.0,100.0,100.0,30.0,100.0,100.0,0.0,0.0,20170718,1
517,disk_45839,A,1,100.0,69.0,100.0,100.0,100.0,33.0,100.0,100.0,0.0,0.0,20170709,1
518,disk_69760,A,1,100.0,79.0,100.0,100.0,100.0,26.0,100.0,100.0,0.0,0.0,20170719,0
519,disk_70118,A,1,100.0,81.0,100.0,100.0,100.0,29.0,100.0,100.0,0.0,0.0,20170720,0
520,disk_69833,A,1,99.0,82.0,100.0,100.0,100.0,29.0,100.0,100.0,0.0,0.0,20170709,0
521,disk_37623,A,1,100.0,71.0,100.0,100.0,100.0,32.0,100.0,100.0,0.0,0.0,20170711,1
522,disk_70168,A,1,100.0,80.0,100.0,100.0,100.0,36.0,100.0,100.0,0.0,0.0,20170728,0
523,disk_142501,A,1,44.0,80.0,100.0,100.0,100.0,30.0,100.0,100.0,0.0,0.0,20170710,1
524,disk_70697,A,1,100.0,81.0,100.0,100.0,100.0,33.0,100.0,100.0,0.0,0.0,20170730,0
525,disk_70446,A,1,100.0,83.0,100.0,100.0,100.0,30.0,100.0,100.0,0.0,0.0,20170729,0
526,disk_71265,A,1,100.0,82.0,100.0,100.0,100.0,31.0,100.0,100.0,0.0,0.0,20170719,1
527,disk_49001,A,2,100.0,89.0,100.0,100.0,96.0,24.0,100.0,100.0,100.0,100.0,20170709,1
528,disk_69611,A,1,100.0,85.0,100.0,100.0,100.0,31.0,100.0,100.0,0.0,0.0,20170719,0
529,disk_70326,A,1,100.0,81.0,100.0,100.0,100.0,35.0,100.0,100.0,0.0,0.0,20170710,0
530,disk_119023,A,2,100.0,87.0,99.0,100.0,100.0,31.0,100.0,100.0,100.0,100.0,20170715,1
531,disk_69535,A,1,100.0,82.0,100.0,100.0,100.0,26.0,100.0,100.0,0.0,0.0,20170728,0
532,disk_70698,A,1,100.0,81.0,100.0,100.0,100.0,32.0,100.0,100.0,0.0,0.0,20170729,0
533,disk_69494,A,1,100.0,82.0,100.0,100.0,100.0,26.0,100.0,100.0,0.0,0.0,20170709,0
534,disk_44296,A,1,100.0,69.0,100.0,100.0,100.0,35.0,100.0,100.0,0.0,0.0,20170720,1
535,disk_29871,A,1,100.0,78.0,100.0,100.0,100.0,28.0,100.0,100.0,0.0,0.0,20170728,1
536,disk_6974,A,1,100.0,88.0,100.0,100.0,100.0,26.0,100.0,100.0,0.0,0.0,20170730,0
537,disk_44296,A,1,100.0,69.0,100.0,100.0,100.0,35.0,100.0,100.0,0.0,0.0,20170717,1
538,disk_69408,A,1,100.0,82.0,100.0,100.0,100.0,27.0,100.0,100.0,0.0,0.0,20170719,0
539,disk_89624,A,1,100.0,92.0,100.0,100.0,100.0,28.0,100.0,100.0,0.0,0.0,20170709,1
540,disk_61196,A,1,100.0,78.0,100.0,100.0,100.0,30.0,100.0,100.0,0.0,0.0,20170716,1
541,disk_29871,A,1,100.0,78.0,100.0,100.0,100.0,28.0,100.0,100.0,0.0,0.0,20170714,1
542,disk_70048,A,1,100.0,82.0,100.0,100.0,100.0,29.0,100.0,100.0,0.0,0.0,20170720,0
543,disk_11565,A,1,100.0,88.0,100.0,100.0,99.0,27.0,100.0,100.0,0.0,0.0,20170719,1
544,disk_73921,A,1,100.0,87.0,100.0,100.0,100.0,26.0,100.0,100.0,0.0,0.0,20170714,1
545,disk_69625,A,1,100.0,81.0,100.0,100.0,100.0,29.0,100.0,100.0,0.0,0.0,20170722,0
546,disk_70442,A,1,100.0,81.0,100.0,100.0,100.0,30.0,100.0,100.0,0.0,0.0,20170725,0
547,disk_70155,A,1,100.0,83.0,100.0,100.0,100.0,26.0,100.0,100.0,0.0,0.0,20170722,0
548,disk_69519,A,1,100.0,82.0,100.0,100.0,100.0,33.0,100.0,100.0,0.0,0.0,20170709,0
549,disk_70735,A,1,100.0,81.0,100.0,100.0,100.0,24.0,100.0,100.0,0.0,0.0,20170718,0
550,disk_37623,A,1,100.0,71.0,100.0,100.0,100.0,32.0,100.0,100.0,0.0,0.0,20170709,1
551,disk_70075,A,1,100.0,81.0,100.0,100.0,100.0,27.0,100.0,100.0,0.0,0.0,20170725,0
552,disk_29871,A,1,100.0,78.0,100.0,100.0,100.0,28.0,100.0,100.0,0.0,0.0,20170721,1
553,disk_69469,A,1,100.0,82.0,100.0,100.0,100.0,24.0,100.0,100.0,0.0,0.0,20170723,0
554,disk_69259,A,1,100.0,83.0,100.0,100.0,100.0,28.0,100.0,100.0,0.0,0.0,20170726,0
555,disk_49001,A,2,100.0,89.0,100.0,100.0,96.0,24.0,100.0,100.0,100.0,100.0,20170718,1
556,disk_37623,A,1,100.0,71.0,100.0,100.0,100.0,32.0,100.0,100.0,0.0,0.0,20170719,1
557,disk_70362,A,1,100.0,81.0,100.0,100.0,100.0,30.0,100.0,100.0,0.0,0.0,20170727,0
558,disk_71265,A,1,100.0,82.0,100.0,100.0,100.0,30.0,100.0,100.0,0.0,0.0,20170711,1
559,disk_42711,A,1,100.0,69.0,100.0,100.0,100.0,35.0,100.0,100.0,0.0,0.0,20170719,1
560,disk_70820,A,1,100.0,82.0,100.0,100.0,100.0,30.0,100.0,100.0,0.0,0.0,20170723,0
561,disk_45839,A,1,100.0,69.0,100.0,100.0,100.0,34.0,100.0,100.0,0.0,0.0,20170711,1
562,disk_37623,A,1,100.0,70.0,97.0,100.0,100.0,32.0,100.0,100.0,0.0,0.0,20170726,1
563,disk_104879,A,1,100.0,79.0,100.0,100.0,100.0,28.0,100.0,100.0,0.0,0.0,20170712,1
564,disk_70152,A,1,100.0,80.0,100.0,100.0,100.0,35.0,100.0,100.0,0.0,0.0,20170714,0
565,disk_70570,A,1,100.0,83.0,100.0,100.0,100.0,31.0,100.0,100.0,0.0,0.0,20170721,0
566,disk_29871,A,1,100.0,78.0,100.0,100.0,100.0,28.0,100.0,100.0,0.0,0.0,20170723,1
567,disk_44296,A,1,100.0,69.0,100.0,100.0,100.0,34.0,100.0,100.0,0.0,0.0,20170724,1
568,disk_7009,A,1,100.0,88.0,100.0,100.0,100.0,28.0,100.0,100.0,0.0,0.0,20170718,0
569,disk_45789,A,2,100.0,86.0,100.0,100.0,100.0,25.0,100.0,100.0,100.0,100.0,20170711,1
570,disk_11565,A,1,100.0,88.0,100.0,100.0,99.0,27.0,100.0,100.0,0.0,0.0,20170724,1
571,disk_29871,A,1,100.0,78.0,100.0,100.0,100.0,28.0,100.0,100.0,0.0,0.0,20170711,1
572,disk_42711,A,1,100.0,69.0,100.0,100.0,100.0,35.0,100.0,100.0,0.0,0.0,20170709,1
573,disk_69976,A,1,100.0,82.0,100.0,100.0,100.0,31.0,100.0,100.0,0.0,0.0,20170711,0
574,disk_70852,A,1,100.0,82.0,100.0,100.0,100.0,35.0,100.0,100.0,0.0,0.0,20170729,0
575,disk_45789,A,2,100.0,86.0,100.0,100.0,100.0,26.0,100.0,100.0,100.0,100.0,20170715,1
576,disk_70797,A,1,100.0,81.0,100.0,100.0,100.0,30.0,100.0,100.0,0.0,0.0,20170724,0
577,disk_70507,A,1,100.0,82.0,100.0,100.0,100.0,32.0,100.0,100.0,0.0,0.0,20170710,0
578,disk_45789,A,2,100.0,86.0,100.0,100.0,100.0,26.0,100.0,100.0,100.0,100.0,20170718,1
579,disk_69562,A,1,100.0,82.0,100.0,100.0,100.0,27.0,100.0,100.0,0.0,0.0,20170714,0
580,disk_119023,A,2,100.0,87.0,99.0,100.0,100.0,31.0,100.0,100.0,100.0,100.0,20170717,1
581,disk_30546,A,1,89.0,78.0,1.0,100.0,100.0,25.0,97.0,97.0,0.0,0.0,20170712,1
582,disk_76797,A,1,100.0,89.0,100.0,100.0,100.0,28.0,100.0,100.0,0.0,0.0,20170709,1
583,disk_118319,A,1,100.0,70.0,100.0,100.0,100.0,30.0,100.0,100.0,0.0,0.0,20170709,1
584,disk_140979,A,1,100.0,81.0,100.0,100.0,100.0,28.0,100.0,100.0,0.0,0.0,20170712,1
585,disk_69376,A,1,100.0,80.0,100.0,100.0,100.0,38.0,100.0,100.0,0.0,0.0,20170710,0
586,disk_148265,A,1,100.0,85.0,100.0,100.0,100.0,30.0,100.0,100.0,0.0,0.0,20170712,1
587,disk_142751,A,1,5.0,80.0,53.0,100.0,100.0,28.0,96.0,96.0,0.0,0.0,20170716,1
588,disk_70001,A,1,100.0,82.0,100.0,100.0,100.0,30.0,100.0,100.0,0.0,0.0,20170723,0
589,disk_69598,A,1,100.0,82.0,100.0,100.0,100.0,29.0,100.0,100.0,0.0,0.0,20170710,0
590,disk_76797,A,1,100.0,88.0,100.0,100.0,100.0,29.0,100.0,100.0,0.0,0.0,20170712,1
591,disk_70385,A,1,100.0,81.0,100.0,100.0,100.0,34.0,100.0,100.0,0.0,0.0,20170710,0
592,disk_110667,A,1,100.0,71.0,100.0,100.0,100.0,32.0,100.0,100.0,0.0,0.0,20170709,1
593,disk_143171,A,1,100.0,80.0,100.0,100.0,100.0,29.0,100.0,100.0,0.0,0.0,20170724,1
594,disk_89624,A,1,100.0,92.0,100.0,100.0,100.0,28.0,100.0,100.0,0.0,0.0,20170715,1
595,disk_70035,A,1,100.0,82.0,100.0,100.0,100.0,28.0,100.0,100.0,0.0,0.0,20170712,0
596,disk_67010,A,1,98.0,81.0,98.0,100.0,100.0,27.0,100.0,100.0,0.0,0.0,20170713,1
597,disk_49001,A,2,100.0,89.0,100.0,100.0,96.0,24.0,100.0,100.0,100.0,100.0,20170712,1
598,disk_104879,A,1,100.0,79.0,100.0,100.0,100.0,28.0,100.0,100.0,0.0,0.0,20170713,1
599,disk_70669,A,1,100.0,82.0,100.0,100.0,100.0,26.0,100.0,100.0,0.0,0.0,20170727,0
600,disk_143171,A,1,100.0,80.0,100.0,100.0,100.0,29.0,100.0,100.0,0.0,0.0,20170718,1
601,disk_45789,A,2,100.0,86.0,100.0,100.0,100.0,27.0,100.0,100.0,100.0,100.0,20170728,1
602,disk_13117,A,1,100.0,88.0,100.0,100.0,100.0,28.0,100.0,100.0,0.0,0.0,20170713,1
603,disk_70451,A,1,100.0,83.0,100.0,100.0,100.0,27.0,100.0,100.0,0.0,0.0,20170709,0
604,disk_52868,A,1,100.0,72.0,96.0,100.0,100.0,33.0,100.0,100.0,0.0,0.0,20170730,1
605,disk_69373,A,1,100.0,81.0,100.0,100.0,100.0,29.0,100.0,100.0,0.0,0.0,20170718,0
606,disk_70684,A,1,100.0,81.0,100.0,100.0,100.0,32.0,100.0,100.0,0.0,0.0,20170725,0
607,disk_70881,A,1,100.0,82.0,100.0,100.0,100.0,30.0,100.0,100.0,0.0,0.0,20170725,0
608,disk_11565,A,1,100.0,88.0,100.0,100.0,99.0,27.0,100.0,100.0,0.0,0.0,20170727,1
609,disk_70043,A,1,100.0,82.0,100.0,100.0,100.0,26.0,100.0,100.0,0.0,0.0,20170723,0
610,disk_143171,A,1,100.0,80.0,100.0,100.0,100.0,29.0,100.0,100.0,0.0,0.0,20170727,1
611,disk_71265,A,1,100.0,82.0,100.0,100.0,100.0,31.0,100.0,100.0,0.0,0.0,20170724,1
612,disk_11565,A,1,100.0,88.0,100.0,100.0,99.0,27.0,100.0,100.0,0.0,0.0,20170725,1
613,disk_70012,A,1,100.0,82.0,100.0,100.0,100.0,29.0,100.0,100.0,0.0,0.0,20170724,0
614,disk_70540,A,1,100.0,82.0,100.0,100.0,100.0,31.0,100.0,100.0,0.0,0.0,20170731,0
615,disk_140979,A,1,100.0,81.0,100.0,100.0,100.0,29.0,100.0,100.0,0.0,0.0,20170718,1
616,disk_69410,A,1,100.0,94.0,100.0,100.0,100.0,26.0,100.0,100.0,0.0,0.0,20170716,0
617,disk_52868,A,1,100.0,73.0,100.0,100.0,100.0,33.0,100.0,100.0,0.0,0.0,20170711,1
618,disk_70814,A,1,100.0,84.0,100.0,100.0,100.0,27.0,100.0,100.0,0.0,0.0,20170709,0
619,disk_69540,A,1,100.0,82.0,100.0,100.0,100.0,27.0,100.0,100.0,0.0,0.0,20170719,0
620,disk_69533,A,1,100.0,82.0,100.0,100.0,100.0,27.0,100.0,100.0,0.0,0.0,20170725,0
621,disk_69246,A,1,100.0,81.0,100.0,100.0,100.0,28.0,100.0,100.0,0.0,0.0,20170710,0
622,disk_71265,A,1,100.0,82.0,100.0,100.0,100.0,31.0,100.0,100.0,0.0,0.0,20170714,1
623,disk_70645,A,1,100.0,82.0,100.0,100.0,100.0,32.0,100.0,100.0,0.0,0.0,20170720,0
624,disk_69450,A,1,100.0,82.0,100.0,100.0,100.0,31.0,100.0,100.0,0.0,0.0,20170718,0
625,disk_13117,A,1,100.0,88.0,100.0,100.0,100.0,28.0,100.0,100.0,0.0,0.0,20170712,1
626,disk_142751,A,1,26.0,81.0,73.0,100.0,100.0,29.0,97.0,97.0,0.0,0.0,20170712,1
627,disk_71265,A,1,100.0,82.0,100.0,100.0,100.0,31.0,100.0,100.0,0.0,0.0,20170723,1
628,disk_69637,A,1,100.0,82.0,100.0,100.0,100.0,28.0,100.0,100.0,0.0,0.0,20170713,0
629,disk_69207,A,1,100.0,82.0,100.0,100.0,100.0,28.0,100.0,100.0,0.0,0.0,20170712,0
630,disk_142501,A,1,43.0,80.0,100.0,100.0,100.0,30.0,100.0,100.0,0.0,0.0,20170713,1
631,disk_70751,A,1,100.0,82.0,100.0,100.0,100.0,30.0,100.0,100.0,0.0,0.0,20170726,0
632,disk_30546,A,1,89.0,78.0,1.0,100.0,100.0,25.0,97.0,97.0,0.0,0.0,20170713,1
633,disk_69471,A,1,100.0,82.0,100.0,100.0,100.0,23.0,100.0,100.0,0.0,0.0,20170731,0
634,disk_70090,A,1,100.0,84.0,100.0,100.0,100.0,28.0,100.0,100.0,0.0,0.0,20170731,0
635,disk_69546,A,1,100.0,82.0,100.0,100.0,100.0,27.0,100.0,100.0,0.0,0.0,20170710,0
636,disk_37623,A,1,100.0,71.0,100.0,100.0,100.0,31.0,100.0,100.0,0.0,0.0,20170710,1
637,disk_44296,A,1,100.0,69.0,100.0,100.0,100.0,35.0,100.0,100.0,0.0,0.0,20170719,1
638,disk_30546,A,1,89.0,78.0,1.0,100.0,100.0,25.0,97.0,97.0,0.0,0.0,20170718,1
639,disk_11565,A,1,100.0,88.0,100.0,100.0,99.0,27.0,100.0,100.0,0.0,0.0,20170720,1
640,disk_70353,A,1,100.0,81.0,100.0,100.0,100.0,27.0,100.0,100.0,0.0,0.0,20170727,0
641,disk_19504,A,1,100.0,96.0,100.0,100.0,100.0,29.0,100.0,100.0,0.0,0.0,20170709,1
642,disk_89624,A,1,100.0,92.0,100.0,100.0,100.0,28.0,100.0,100.0,0.0,0.0,20170714,1
643,disk_69513,A,1,100.0,82.0,100.0,100.0,100.0,32.0,100.0,100.0,0.0,0.0,20170719,0
644,disk_70309,A,1,100.0,81.0,100.0,100.0,100.0,31.0,100.0,100.0,0.0,0.0,20170727,0
645,disk_70633,A,1,100.0,82.0,100.0,100.0,100.0,28.0,100.0,100.0,0.0,0.0,20170711,0
646,disk_70289,A,1,100.0,81.0,100.0,100.0,100.0,39.0,100.0,100.0,0.0,0.0,20170716,0
647,disk_69781,A,1,100.0,93.0,100.0,100.0,100.0,27.0,100.0,100.0,0.0,0.0,20170717,0
648,disk_70686,A,1,100.0,81.0,100.0,100.0,100.0,30.0,100.0,100.0,0.0,0.0,20170729,0
649,disk_136557,A,1,100.0,78.0,100.0,100.0,100.0,32.0,100.0,100.0,0.0,0.0,20170712,1
650,disk_37623,A,1,100.0,71.0,100.0,100.0,100.0,32.0,100.0,100.0,0.0,0.0,20170716,1
651,disk_44296,A,1,100.0,69.0,100.0,100.0,100.0,33.0,100.0,100.0,0.0,0.0,20170723,1
652,disk_110667,A,1,100.0,70.0,100.0,100.0,100.0,32.0,100.0,100.0,0.0,0.0,20170719,1
653,disk_7022,A,1,100.0,88.0,100.0,100.0,100.0,28.0,100.0,100.0,0.0,0.0,20170718,0
654,disk_44296,A,1,100.0,69.0,100.0,100.0,100.0,35.0,100.0,100.0,0.0,0.0,20170712,1
655,disk_49001,A,2,100.0,88.0,94.0,100.0,96.0,24.0,100.0,100.0,100.0,100.0,20170730,1
656,disk_24760,A,1,100.0,69.0,100.0,100.0,100.0,30.0,100.0,100.0,0.0,0.0,20170709,1
657,disk_29871,A,1,100.0,78.0,100.0,100.0,100.0,28.0,100.0,100.0,0.0,0.0,20170726,1
658,disk_44296,A,1,100.0,69.0,100.0,100.0,100.0,34.0,100.0,100.0,0.0,0.0,20170722,1
659,disk_70229,A,1,100.0,83.0,100.0,100.0,100.0,36.0,100.0,100.0,0.0,0.0,20170715,0
660,disk_70081,A,1,100.0,82.0,100.0,100.0,100.0,30.0,100.0,100.0,0.0,0.0,20170726,0
661,disk_69890,A,1,100.0,82.0,100.0,100.0,100.0,31.0,100.0,100.0,0.0,0.0,20170716,0
662,disk_70119,A,1,100.0,85.0,100.0,100.0,100.0,27.0,100.0,100.0,0.0,0.0,20170716,0
663,disk_69243,A,1,100.0,81.0,100.0,100.0,100.0,31.0,100.0,100.0,0.0,0.0,20170716,0
664,disk_73921,A,1,100.0,87.0,100.0,100.0,100.0,26.0,100.0,100.0,0.0,0.0,20170717,1
665,disk_60889,A,2,100.0,100.0,100.0,100.0,100.0,36.0,100.0,100.0,100.0,100.0,20170715,1
666,disk_91432,A,1,100.0,93.0,98.0,100.0,100.0,28.0,100.0,100.0,0.0,0.0,20170729,1
667,disk_143171,A,1,100.0,80.0,100.0,100.0,100.0,28.0,100.0,100.0,0.0,0.0,20170710,1
668,disk_69264,A,1,100.0,81.0,100.0,100.0,100.0,32.0,100.0,100.0,0.0,0.0,20170712,0
669,disk_49001,A,2,100.0,89.0,100.0,100.0,96.0,25.0,100.0,100.0,100.0,100.0,20170711,1
670,disk_119023,A,2,100.0,87.0,99.0,100.0,100.0,31.0,100.0,100.0,100.0,100.0,20170721,1
671,disk_110667,A,1,100.0,70.0,100.0,100.0,100.0,32.0,100.0,100.0,0.0,0.0,20170712,1
672,disk_29871,A,1,100.0,78.0,100.0,100.0,100.0,28.0,100.0,100.0,0.0,0.0,20170709,1
673,disk_73921,A,1,100.0,87.0,100.0,100.0,100.0,26.0,100.0,100.0,0.0,0.0,20170712,1
674,disk_37623,A,1,100.0,71.0,100.0,100.0,100.0,32.0,100.0,100.0,0.0,0.0,20170714,1
675,disk_69295,A,1,100.0,81.0,100.0,100.0,100.0,31.0,100.0,100.0,0.0,0.0,20170727,0
676,disk_70871,A,1,100.0,82.0,100.0,100.0,100.0,29.0,100.0,100.0,0.0,0.0,20170714,0
677,disk_69245,A,1,100.0,81.0,100.0,100.0,100.0,28.0,100.0,100.0,0.0,0.0,20170727,0
678,disk_61196,A,1,100.0,79.0,100.0,100.0,100.0,30.0,100.0,100.0,0.0,0.0,20170710,1
679,disk_29871,A,1,100.0,78.0,100.0,100.0,100.0,28.0,100.0,100.0,0.0,0.0,20170718,1
680,disk_11565,A,1,100.0,88.0,100.0,100.0,99.0,27.0,100.0,100.0,0.0,0.0,20170714,1
681,disk_24760,A,1,100.0,69.0,100.0,100.0,100.0,30.0,100.0,100.0,0.0,0.0,20170712,1
682,disk_11565,A,1,100.0,88.0,100.0,100.0,99.0,27.0,100.0,100.0,0.0,0.0,20170726,1
683,disk_69434,A,1,100.0,82.0,100.0,100.0,100.0,26.0,100.0,100.0,0.0,0.0,20170725,0
684,disk_30546,A,1,89.0,78.0,1.0,100.0,100.0,25.0,97.0,97.0,0.0,0.0,20170720,1
685,disk_73921,A,1,100.0,87.0,100.0,100.0,100.0,26.0,100.0,100.0,0.0,0.0,20170710,1
686,disk_76797,A,1,100.0,88.0,100.0,100.0,100.0,28.0,100.0,100.0,0.0,0.0,20170710,1
687,disk_69839,A,1,100.0,82.0,100.0,100.0,100.0,31.0,100.0,100.0,0.0,0.0,20170714,0
688,disk_119023,A,2,100.0,87.0,99.0,100.0,100.0,31.0,100.0,100.0,100.0,100.0,20170713,1
689,disk_70041,A,1,100.0,81.0,100.0,100.0,100.0,31.0,100.0,100.0,0.0,0.0,20170721,0
690,disk_69753,A,1,100.0,81.0,100.0,100.0,100.0,27.0,100.0,100.0,0.0,0.0,20170730,0
691,disk_70486,A,1,100.0,81.0,100.0,100.0,100.0,28.0,100.0,100.0,0.0,0.0,20170713,0
692,disk_70798,A,1,100.0,85.0,100.0,100.0,100.0,31.0,100.0,100.0,0.0,0.0,20170731,0
693,disk_7062,A,1,100.0,88.0,100.0,100.0,100.0,28.0,100.0,100.0,0.0,0.0,20170720,0
694,disk_70218,A,1,100.0,80.0,100.0,100.0,100.0,29.0,100.0,100.0,0.0,0.0,20170717,0
695,disk_70633,A,1,100.0,82.0,100.0,100.0,100.0,30.0,100.0,100.0,0.0,0.0,20170727,0
696,disk_69638,A,1,100.0,82.0,100.0,100.0,100.0,34.0,100.0,100.0,0.0,0.0,20170727,0
697,disk_73921,A,1,100.0,87.0,100.0,100.0,100.0,27.0,100.0,100.0,0.0,0.0,20170721,1
698,disk_69421,A,1,100.0,82.0,100.0,100.0,100.0,27.0,100.0,100.0,0.0,0.0,20170726,0
699,disk_52868,A,1,100.0,72.0,100.0,100.0,100.0,33.0,100.0,100.0,0.0,0.0,20170729,1
700,disk_70442,A,1,100.0,81.0,100.0,100.0,100.0,28.0,100.0,100.0,0.0,0.0,20170714,0
701,disk_69276,A,1,100.0,86.0,100.0,100.0,100.0,30.0,100.0,100.0,0.0,0.0,20170713,0
702,disk_69505,A,1,100.0,82.0,100.0,100.0,100.0,28.0,100.0,100.0,0.0,0.0,20170728,0
703,disk_61196,A,1,100.0,78.0,100.0,100.0,100.0,30.0,100.0,100.0,0.0,0.0,20170714,1
704,disk_7026,A,1,100.0,88.0,100.0,100.0,100.0,28.0,100.0,100.0,0.0,0.0,20170717,0
705,disk_70628,A,1,100.0,82.0,100.0,100.0,100.0,34.0,100.0,100.0,0.0,0.0,20170723,0
706,disk_6979,A,1,100.0,88.0,100.0,100.0,100.0,29.0,100.0,100.0,0.0,0.0,20170730,0
707,disk_69615,A,1,100.0,82.0,100.0,100.0,100.0,32.0,100.0,100.0,0.0,0.0,20170725,0
708,disk_69768,A,1,100.0,82.0,100.0,100.0,100.0,31.0,100.0,100.0,0.0,0.0,20170728,0
709,disk_52868,A,1,100.0,73.0,100.0,100.0,100.0,33.0,100.0,100.0,0.0,0.0,20170709,1
710,disk_69635,A,1,100.0,82.0,100.0,100.0,100.0,24.0,100.0,100.0,0.0,0.0,20170717,0
711,disk_121839,A,2,100.0,91.0,100.0,100.0,100.0,31.0,100.0,100.0,100.0,100.0,20170721,1
712,disk_69464,A,1,100.0,81.0,100.0,100.0,100.0,24.0,100.0,100.0,0.0,0.0,20170726,0
713,disk_19504,A,1,100.0,96.0,100.0,100.0,100.0,30.0,100.0,100.0,0.0,0.0,20170714,1
714,disk_70708,A,1,100.0,82.0,100.0,100.0,100.0,28.0,100.0,100.0,0.0,0.0,20170718,0
715,disk_142501,A,1,43.0,80.0,100.0,100.0,100.0,30.0,100.0,100.0,0.0,0.0,20170712,1
716,disk_136557,A,1,100.0,78.0,100.0,100.0,100.0,32.0,100.0,100.0,0.0,0.0,20170714,1
717,disk_69605,A,1,100.0,82.0,100.0,100.0,100.0,31.0,100.0,100.0,0.0,0.0,20170713,0
718,disk_143171,A,1,100.0,80.0,100.0,100.0,100.0,29.0,100.0,100.0,0.0,0.0,20170715,1
719,disk_70826,A,1,100.0,82.0,100.0,100.0,100.0,29.0,100.0,100.0,0.0,0.0,20170714,0
720,disk_69535,A,1,100.0,82.0,100.0,100.0,100.0,26.0,100.0,100.0,0.0,0.0,20170711,0
721,disk_67010,A,1,98.0,81.0,98.0,100.0,100.0,28.0,100.0,100.0,0.0,0.0,20170723,1
722,disk_70714,A,1,100.0,83.0,100.0,100.0,100.0,21.0,100.0,100.0,0.0,0.0,20170726,0
723,disk_70231,A,1,100.0,82.0,100.0,100.0,100.0,30.0,100.0,100.0,0.0,0.0,20170712,0
724,disk_69279,A,1,100.0,87.0,100.0,100.0,100.0,37.0,100.0,100.0,0.0,0.0,20170721,0
725,disk_70527,A,1,100.0,82.0,100.0,100.0,100.0,32.0,100.0,100.0,0.0,0.0,20170721,0
726,disk_67010,A,1,98.0,81.0,98.0,100.0,100.0,27.0,100.0,100.0,0.0,0.0,20170716,1
727,disk_136557,A,1,100.0,78.0,100.0,100.0,100.0,32.0,100.0,100.0,0.0,0.0,20170722,1
728,disk_148265,A,1,100.0,84.0,100.0,100.0,100.0,30.0,100.0,100.0,0.0,0.0,20170720,1
729,disk_91432,A,1,100.0,93.0,95.0,100.0,100.0,28.0,100.0,100.0,0.0,0.0,20170731,1
730,disk_69405,A,1,100.0,81.0,100.0,100.0,100.0,31.0,100.0,100.0,0.0,0.0,20170713,0
731,disk_7068,A,1,100.0,88.0,100.0,100.0,100.0,27.0,100.0,100.0,0.0,0.0,20170725,0
732,disk_70695,A,1,100.0,81.0,100.0,100.0,100.0,32.0,100.0,100.0,0.0,0.0,20170729,0
733,disk_148265,A,1,100.0,85.0,100.0,100.0,100.0,29.0,100.0,100.0,0.0,0.0,20170709,1
734,disk_119023,A,2,100.0,87.0,99.0,100.0,100.0,31.0,100.0,100.0,100.0,100.0,20170716,1
735,disk_69568,A,1,100.0,82.0,100.0,100.0,100.0,27.0,100.0,100.0,0.0,0.0,20170710,0
736,disk_70422,A,1,100.0,81.0,100.0,100.0,100.0,26.0,100.0,100.0,0.0,0.0,20170711,0
737,disk_37623,A,1,100.0,71.0,100.0,100.0,100.0,32.0,100.0,100.0,0.0,0.0,20170712,1
738,disk_70615,A,1,100.0,82.0,100.0,100.0,100.0,29.0,100.0,100.0,0.0,0.0,20170710,0
739,disk_19504,A,1,100.0,96.0,100.0,100.0,100.0,30.0,100.0,100.0,0.0,0.0,20170720,1
740,disk_89624,A,1,100.0,92.0,100.0,100.0,100.0,28.0,100.0,100.0,0.0,0.0,20170712,1
741,disk_69626,A,1,100.0,82.0,100.0,100.0,100.0,31.0,100.0,100.0,0.0,0.0,20170720,0
742,disk_44296,A,1,100.0,69.0,100.0,100.0,100.0,34.0,100.0,100.0,0.0,0.0,20170721,1
743,disk_148265,A,1,100.0,84.0,100.0,100.0,100.0,31.0,100.0,100.0,0.0,0.0,20170718,1
744,disk_142751,A,1,36.0,81.0,74.0,100.0,100.0,29.0,98.0,98.0,0.0,0.0,20170709,1
745,disk_70357,A,1,100.0,81.0,100.0,100.0,100.0,29.0,100.0,100.0,0.0,0.0,20170710,0
746,disk_69367,A,1,100.0,81.0,100.0,100.0,100.0,26.0,100.0,100.0,0.0,0.0,20170717,0
747,disk_70034,A,1,100.0,81.0,100.0,100.0,100.0,31.0,100.0,100.0,0.0,0.0,20170715,0
748,disk_69424,A,1,100.0,82.0,100.0,100.0,100.0,29.0,100.0,100.0,0.0,0.0,20170728,0
749,disk_70265,A,1,100.0,81.0,100.0,100.0,100.0,28.0,100.0,100.0,0.0,0.0,20170712,0
750,disk_7068,A,1,100.0,88.0,100.0,100.0,100.0,27.0,100.0,100.0,0.0,0.0,20170712,0
751,disk_121839,A,2,100.0,92.0,100.0,100.0,100.0,34.0,100.0,100.0,100.0,100.0,20170710,1
752,disk_118621,A,2,100.0,89.0,100.0,100.0,100.0,30.0,100.0,100.0,100.0,100.0,20170715,1
753,disk_70231,A,1,100.0,82.0,100.0,100.0,100.0,30.0,100.0,100.0,0.0,0.0,20170715,0
754,disk_142501,A,1,43.0,80.0,100.0,100.0,100.0,30.0,100.0,100.0,0.0,0.0,20170711,1
755,disk_30546,A,1,89.0,78.0,1.0,100.0,100.0,26.0,97.0,97.0,0.0,0.0,20170719,1
756,disk_64274,A,1,100.0,80.0,100.0,100.0,100.0,32.0,100.0,100.0,0.0,0.0,20170709,1
757,disk_69907,A,1,100.0,93.0,100.0,100.0,99.0,26.0,100.0,100.0,0.0,0.0,20170712,0
758,disk_142751,A,1,12.0,81.0,61.0,99.0,100.0,30.0,96.0,96.0,0.0,0.0,20170713,1
759,disk_70694,A,1,100.0,82.0,100.0,100.0,100.0,31.0,100.0,100.0,0.0,0.0,20170717,0
760,disk_69407,A,1,100.0,82.0,100.0,100.0,100.0,32.0,100.0,100.0,0.0,0.0,20170727,0
761,disk_52868,A,1,100.0,73.0,100.0,100.0,100.0,33.0,100.0,100.0,0.0,0.0,20170710,1
762,disk_69661,A,1,100.0,82.0,100.0,100.0,100.0,32.0,100.0,100.0,0.0,0.0,20170718,0
763,disk_6993,A,1,100.0,88.0,100.0,100.0,100.0,26.0,100.0,100.0,0.0,0.0,20170728,0
764,disk_69295,A,1,100.0,82.0,100.0,100.0,100.0,31.0,100.0,100.0,0.0,0.0,20170709,0
765,disk_6976,A,1,100.0,88.0,100.0,100.0,100.0,30.0,100.0,100.0,0.0,0.0,20170717,0
766,disk_67010,A,1,98.0,81.0,98.0,100.0,100.0,29.0,100.0,100.0,0.0,0.0,20170722,1
767,disk_119023,A,2,100.0,87.0,99.0,100.0,100.0,31.0,100.0,100.0,100.0,100.0,20170718,1
768,disk_121839,A,2,100.0,92.0,100.0,100.0,100.0,34.0,100.0,100.0,100.0,100.0,20170709,1
769,disk_70357,A,1,100.0,81.0,100.0,100.0,100.0,29.0,100.0,100.0,0.0,0.0,20170709,0
770,disk_70611,A,1,100.0,84.0,100.0,100.0,100.0,28.0,100.0,100.0,0.0,0.0,20170721,0
771,disk_70030,A,1,100.0,82.0,100.0,100.0,100.0,34.0,100.0,100.0,0.0,0.0,20170725,0
772,disk_61196,A,1,100.0,78.0,100.0,100.0,100.0,30.0,100.0,100.0,0.0,0.0,20170720,1
773,disk_70209,A,1,100.0,81.0,100.0,100.0,100.0,28.0,100.0,100.0,0.0,0.0,20170722,0
774,disk_142751,A,1,6.0,81.0,60.0,100.0,100.0,29.0,96.0,96.0,0.0,0.0,20170714,1
775,disk_69590,A,1,100.0,82.0,100.0,100.0,100.0,28.0,100.0,100.0,0.0,0.0,20170726,0
776,disk_69627,A,1,100.0,82.0,100.0,100.0,100.0,30.0,100.0,100.0,0.0,0.0,20170710,0
777,disk_69534,A,1,100.0,82.0,100.0,100.0,100.0,27.0,100.0,100.0,0.0,0.0,20170729,0
778,disk_110667,A,1,100.0,70.0,100.0,100.0,100.0,32.0,100.0,100.0,0.0,0.0,20170713,1
779,disk_19504,A,1,100.0,96.0,100.0,100.0,100.0,30.0,100.0,100.0,0.0,0.0,20170712,1
780,disk_142751,A,1,5.0,80.0,24.0,100.0,100.0,28.0,96.0,96.0,0.0,0.0,20170717,1
781,disk_37623,A,1,100.0,71.0,100.0,100.0,100.0,31.0,100.0,100.0,0.0,0.0,20170718,1
782,disk_70169,A,1,100.0,83.0,100.0,100.0,100.0,35.0,100.0,100.0,0.0,0.0,20170714,0
783,disk_136557,A,1,100.0,78.0,100.0,100.0,100.0,32.0,100.0,100.0,0.0,0.0,20170717,1
784,disk_136557,A,1,100.0,78.0,100.0,100.0,100.0,32.0,100.0,100.0,0.0,0.0,20170720,1
785,disk_45789,A,2,100.0,86.0,100.0,100.0,100.0,26.0,100.0,100.0,100.0,100.0,20170719,1
786,disk_121839,A,2,100.0,91.0,100.0,100.0,100.0,30.0,100.0,100.0,100.0,100.0,20170731,1
787,disk_44296,A,1,100.0,69.0,100.0,100.0,100.0,35.0,100.0,100.0,0.0,0.0,20170715,1
788,disk_69395,A,1,100.0,83.0,100.0,100.0,100.0,29.0,100.0,100.0,0.0,0.0,20170717,0
789,disk_143171,A,1,100.0,80.0,100.0,100.0,100.0,28.0,100.0,100.0,0.0,0.0,20170722,1
790,disk_7017,A,1,100.0,88.0,100.0,100.0,100.0,28.0,100.0,100.0,0.0,0.0,20170728,0
791,disk_30546,A,1,89.0,78.0,1.0,100.0,100.0,25.0,97.0,97.0,0.0,0.0,20170716,1
792,disk_29871,A,1,100.0,78.0,100.0,100.0,100.0,28.0,100.0,100.0,0.0,0.0,20170710,1
793,disk_69994,A,1,100.0,85.0,100.0,100.0,100.0,31.0,100.0,100.0,0.0,0.0,20170719,0
794,disk_69605,A,1,100.0,82.0,100.0,100.0,100.0,31.0,100.0,100.0,0.0,0.0,20170709,0
795,disk_45789,A,2,100.0,86.0,100.0,100.0,100.0,27.0,100.0,100.0,100.0,100.0,20170727,1
796,disk_69937,A,1,100.0,81.0,100.0,100.0,100.0,31.0,100.0,100.0,0.0,0.0,20170722,0
797,disk_24760,A,1,100.0,69.0,100.0,100.0,100.0,30.0,100.0,100.0,0.0,0.0,20170710,1
798,disk_148265,A,1,100.0,84.0,100.0,100.0,100.0,30.0,100.0,100.0,0.0,0.0,20170714,1
799,disk_69263,A,1,100.0,81.0,100.0,100.0,100.0,27.0,100.0,100.0,0.0,0.0,20170728,0
800,disk_19504,A,1,100.0,96.0,100.0,100.0,100.0,30.0,100.0,100.0,0.0,0.0,20170715,1
801,disk_110667,A,1,100.0,70.0,100.0,100.0,100.0,32.0,100.0,100.0,0.0,0.0,20170711,1
802,disk_70330,A,1,100.0,81.0,100.0,100.0,100.0,41.0,100.0,100.0,0.0,0.0,20170729,0
803,disk_49001,A,2,100.0,88.0,100.0,100.0,96.0,24.0,100.0,100.0,100.0,100.0,20170729,1
804,disk_70464,A,1,100.0,81.0,100.0,100.0,100.0,31.0,100.0,100.0,0.0,0.0,20170720,0
805,disk_69650,A,1,100.0,82.0,100.0,100.0,100.0,30.0,100.0,100.0,0.0,0.0,20170709,0
806,disk_69290,A,1,100.0,81.0,100.0,100.0,100.0,27.0,100.0,100.0,0.0,0.0,20170722,0
807,disk_89624,A,1,100.0,92.0,100.0,100.0,100.0,28.0,100.0,100.0,0.0,0.0,20170710,1
808,disk_69499,A,1,100.0,82.0,100.0,100.0,100.0,27.0,100.0,100.0,0.0,0.0,20170717,0
809,disk_49001,A,2,100.0,89.0,100.0,100.0,96.0,24.0,100.0,100.0,100.0,100.0,20170721,1
810,disk_69747,A,1,100.0,82.0,100.0,100.0,100.0,30.0,100.0,100.0,0.0,0.0,20170710,0
811,disk_45789,A,2,100.0,86.0,100.0,100.0,100.0,25.0,100.0,100.0,100.0,100.0,20170709,1
812,disk_70187,A,1,100.0,81.0,100.0,100.0,100.0,27.0,100.0,100.0,0.0,0.0,20170722,0
813,disk_70750,A,1,100.0,82.0,100.0,100.0,100.0,28.0,100.0,100.0,0.0,0.0,20170717,0
814,disk_44296,A,1,100.0,69.0,100.0,100.0,100.0,34.0,100.0,100.0,0.0,0.0,20170726,1
815,disk_69506,A,1,100.0,82.0,100.0,100.0,100.0,27.0,100.0,100.0,0.0,0.0,20170729,0
